CustomerID,Age,Gender,Region,Recency,Frequency,Monetary,Electronics_Spend,Fashion_Spend,Grocery_Spend,Lifestyle_Spend
1,56,Male,Metro,261,5,53452,1868,2671,7608,8431
2,69,Male,Urban,261,12,52746,19728,10971,13717,8330
3,46,Male,Metro,350,6,97059,38006,14970,11864,11385
4,32,Female,Urban,352,6,57955,28029,6387,11214,8611
5,60,Male,Metro,8,4,73438,39857,6833,12876,13872
6,25,Male,Rural,320,11,83646,28183,19008,18055,16687
7,38,Male,Urban,138,8,73657,22785,21883,916,2162
8,56,Female,Rural,38,10,35265,18940,514,9325,6486
9,36,Female,Urban,111,5,41768,5280,206,18220,4102
10,40,Male,Rural,220,0,72429,37012,947,18522,15948
11,28,Male,Metro,337,4,27222,2164,10633,4007,10418
12,28,Male,Metro,223,4,90934,27188,15380,18289,1168
13,41,Male,Metro,136,9,99622,14088,18212,3485,415
14,53,Female,Urban,256,7,76600,18405,28174,19116,10905
15,57,Female,Rural,360,11,34075,2821,6861,10961,13432
16,41,Female,Metro,329,8,53627,22516,6094,17705,5243
17,20,Female,Rural,49,12,45259,10473,6345,11908,16533
18,39,Male,Rural,292,10,93890,38737,18551,3354,5899
19,19,Male,Metro,324,4,49469,12178,13960,13509,838
20,41,Male,Metro,78,3,88073,38936,24363,7101,6144
21,61,Female,Rural,105,5,63959,27018,22310,4743,9888
22,47,Male,Metro,169,10,52408,17097,6532,8951,12531
23,55,Female,Metro,217,5,91941,14096,22040,7014,15935
24,19,Female,Metro,119,4,56792,39971,5943,3412,7466
25,38,Male,Urban,190,10,50950,3545,14569,17741,15095
26,50,Male,Rural,255,6,65704,24798,9848,19865,11193
27,29,Male,Rural,266,10,36416,863,8793,9140,1320
28,39,Female,Urban,149,11,73439,16148,5439,10271,13264
29,61,Male,Rural,164,5,76673,21009,25287,18150,12227
30,42,Female,Metro,140,8,73588,17809,29653,8219,17907
31,66,Male,Rural,347,6,80324,18688,1203,7163,5234
32,44,Female,Metro,258,9,38577,653,23384,2470,12070
33,59,Female,Urban,269,11,96049,8129,9583,10730,6144
34,45,Male,Metro,181,13,86078,26418,14411,16543,552
35,33,Female,Rural,160,4,86531,23118,27272,19276,16865
36,32,Female,Rural,351,8,60784,443,23023,4113,15969
37,64,Male,Rural,288,5,65127,27041,24073,13414,599
38,68,Female,Urban,288,11,74538,23843,27848,7749,15098
39,61,Male,Urban,226,8,61301,21053,13117,11914,14800
40,69,Female,Rural,11,3,79108,30848,23897,15007,9356
41,20,Male,Metro,10,10,85677,37874,23010,11923,12870
42,54,Male,Urban,271,12,76667,37204,7386,13042,12424
43,68,Female,Rural,273,7,90627,35807,3131,17954,1982
44,24,Female,Rural,183,8,91381,28213,23518,13181,18018
45,38,Female,Urban,153,2,91027,8291,20114,12130,7830
46,26,Female,Urban,315,6,56372,16285,19050,3405,2997
47,56,Female,Urban,334,2,71751,26886,16933,10862,17070
48,35,Male,Metro,124,11,95176,13944,21125,15249,11606
49,21,Female,Metro,114,11,78761,35505,28558,12939,1759
50,42,Male,Rural,278,8,61958,23340,17628,13967,7023
51,31,Male,Urban,213,14,61843,30025,12078,5848,13892
52,67,Female,Metro,172,13,47684,1607,20396,6817,18864
53,26,Male,Urban,288,2,63498,2953,27125,18011,15409
54,43,Male,Rural,174,12,92291,5933,27780,6143,9529
55,19,Male,Metro,113,7,60486,11386,25421,14509,114
56,37,Male,Metro,122,9,66552,4682,22580,10058,12149
57,45,Female,Metro,32,6,74844,11154,20929,8396,16952
58,64,Male,Rural,222,8,42724,9047,6205,11771,15701
59,24,Female,Urban,119,9,61584,22993,23574,5272,9745
60,61,Female,Metro,39,7,49012,10338,24619,11366,2689
61,25,Male,Rural,268,8,63340,14323,13869,15424,19724
62,64,Female,Urban,233,6,54767,37693,658,13428,2988
63,52,Female,Rural,18,7,72208,23634,29399,16024,3151
64,31,Female,Urban,149,10,82098,26292,23379,3747,11719
65,34,Male,Rural,149,9,77888,38551,14382,9297,15658
66,53,Female,Urban,126,9,43045,9917,12122,1607,19399
67,67,Female,Metro,302,2,48419,10145,11059,16450,9013
68,57,Female,Urban,360,6,64932,29717,13335,15535,6345
69,21,Male,Rural,238,9,72870,39491,22160,7645,3574
70,19,Female,Rural,135,4,55890,16905,21677,9470,7838
71,23,Male,Urban,151,13,80646,30273,28223,4158,17992
72,59,Male,Metro,236,8,81996,26234,29814,9005,16943
73,21,Male,Metro,224,11,70822,13349,27358,16786,13329
74,46,Male,Urban,203,6,74883,1002,18075,7925,14823
75,35,Male,Urban,256,8,68656,39034,10417,13640,5565
76,43,Male,Rural,86,7,52432,32573,11258,4166,4435
77,61,Female,Metro,150,11,91576,27803,10139,19309,5650
78,51,Male,Urban,235,8,89078,11330,9557,15076,18265
79,27,Female,Metro,345,11,74844,26504,7735,19377,7436
80,53,Female,Urban,22,2,47480,14980,19514,9278,3708
81,31,Male,Urban,348,5,45667,7017,23428,771,14451
82,48,Female,Metro,285,5,97226,16011,20917,11440,1709
83,65,Female,Urban,269,6,58052,18001,21931,8167,9953
84,32,Female,Urban,258,12,70939,17044,29097,1556,1692
85,25,Female,Rural,29,5,82316,38292,17351,11150,15523
86,31,Male,Urban,213,7,38511,5250,17788,1151,14322
87,40,Female,Urban,283,7,75388,23289,25061,17601,9437
88,57,Male,Urban,50,13,63969,33087,9947,12534,125
89,38,Female,Rural,95,9,46943,10416,15544,8039,12944
90,33,Female,Metro,88,8,90244,25159,20014,18426,1199
91,62,Male,Rural,44,8,71914,36368,14795,14659,6092
92,35,Female,Rural,278,4,80544,5279,19352,6303,16375
93,64,Female,Metro,171,10,70574,25157,23653,19053,2711
94,41,Female,Rural,189,13,44752,15494,1579,18497,9182
95,43,Male,Metro,353,6,45533,25574,10987,2977,5995
96,42,Female,Rural,184,9,52048,25333,5992,12541,8182
97,62,Male,Metro,3,9,39024,33050,50,422,5502
98,58,Female,Urban,191,9,96773,32263,6452,11985,12920
99,46,Male,Rural,118,3,88346,32539,5153,16474,18882
100,32,Male,Rural,19,8,46202,14030,26235,3372,2565
101,62,Female,Rural,23,9,64933,22721,15340,16083,10789
102,18,Female,Rural,30,7,53813,5166,13900,1942,5024
103,42,Male,Urban,295,6,75005,7121,22407,9950,1031
104,24,Male,Rural,108,4,47170,14677,14970,16282,1241
105,26,Female,Urban,281,16,70148,31241,20684,16481,1742
106,41,Male,Urban,128,11,26348,16373,2787,1479,5709
107,18,Female,Urban,229,9,87512,21873,13381,4626,14739
108,61,Female,Urban,111,7,75860,37664,15589,10777,11830
109,25,Female,Metro,136,13,96603,1293,15839,5147,13778
110,41,Female,Metro,362,4,79478,22443,29204,5443,8160
111,28,Male,Rural,186,10,54334,39725,2155,79,12375
112,68,Female,Metro,144,8,50454,18595,7019,5577,4403
113,34,Male,Metro,72,8,71069,9740,21744,12901,4897
114,25,Female,Rural,129,5,52925,12559,28922,2223,163
115,52,Male,Rural,364,9,90119,39044,20614,2569,3310
116,52,Female,Rural,261,5,79220,21747,27737,9964,19772
117,50,Male,Metro,3,6,65310,7973,26190,13768,17379
118,22,Male,Metro,104,8,96797,15333,7607,17507,14991
119,59,Female,Rural,224,5,75567,30129,10928,16249,18261
120,56,Female,Urban,320,13,37965,37,15657,2623,19648
121,58,Female,Rural,362,11,66491,38758,8598,1403,17732
122,45,Female,Urban,354,9,78734,32311,11571,18962,2251
123,24,Male,Urban,10,6,86594,38206,20581,16715,11092
124,26,Female,Rural,302,9,95890,28207,25960,7485,6590
125,25,Male,Rural,231,9,68905,33241,16206,11800,7658
126,29,Male,Rural,219,3,45884,58,11887,17123,16816
127,51,Female,Metro,66,7,98445,2636,15028,12798,5247
128,50,Male,Urban,112,8,59305,30635,15975,4980,7715
129,65,Male,Metro,13,8,57306,14834,13839,3878,3817
130,40,Male,Metro,86,7,87940,15577,13919,1949,17454
131,41,Male,Rural,234,6,66267,27190,5412,19844,4600
132,54,Female,Metro,90,5,40289,7296,4499,18512,9982
133,52,Female,Rural,314,10,64867,21383,4909,18538,994
134,61,Female,Urban,54,5,70565,24660,23553,17621,4731
135,57,Female,Rural,12,8,35780,2674,15478,9958,7670
136,39,Male,Metro,209,8,82478,22820,11094,8697,17341
137,44,Male,Metro,14,8,69489,19504,26205,15493,8287
138,52,Female,Rural,121,6,73883,25666,19646,10033,18538
139,18,Female,Rural,20,8,54279,2076,25602,9586,17015
140,52,Female,Metro,75,7,69060,37555,19373,256,11876
141,54,Male,Urban,243,10,80899,32406,29692,1720,17081
142,64,Female,Urban,223,7,63094,25784,7654,13241,16415
143,31,Female,Rural,70,8,69193,21125,15982,16234,15852
144,20,Female,Urban,312,9,62390,23216,18608,7076,13490
145,18,Male,Metro,211,8,30974,2581,21760,1071,5562
146,22,Male,Rural,101,6,69079,15600,2920,1622,8740
147,43,Male,Metro,186,9,58683,30284,24085,2066,2248
148,31,Male,Metro,132,7,95369,20171,22925,8642,6192
149,56,Male,Urban,111,8,76569,25091,5615,897,9895
150,44,Male,Rural,132,11,54952,14333,4315,8273,6406
151,26,Male,Rural,20,7,59956,30535,22484,5781,1156
152,32,Male,Urban,24,9,63887,23487,12460,13622,14318
153,32,Female,Metro,227,8,35006,10404,2783,13284,8535
154,43,Female,Metro,154,6,61135,33700,9605,10399,5295
155,59,Male,Metro,293,6,52983,18047,12789,9883,12264
156,30,Male,Metro,230,14,86687,15577,11840,9371,6154
157,68,Female,Rural,310,12,81441,24298,19192,19319,18632
158,49,Male,Rural,359,5,38189,15015,3331,10707,9136
159,56,Male,Urban,202,12,65431,25568,18562,8088,13213
160,66,Male,Urban,38,8,68597,26204,17181,13140,12072
161,69,Female,Rural,260,7,69165,31748,2846,16845,10242
162,49,Female,Rural,188,4,41574,26267,929,11093,3285
163,21,Female,Metro,57,5,76692,21236,4818,16500,9522
164,47,Female,Metro,20,5,59878,32615,19475,5785,2003
165,54,Female,Urban,273,4,31716,1104,2262,6507,19999
166,40,Male,Rural,119,7,63175,17654,25909,5830,9979
167,56,Female,Urban,71,9,44495,3646,25850,4561,10438
168,62,Male,Rural,4,7,62992,21471,12775,14519,14227
169,32,Male,Metro,221,6,37786,25906,7549,659,3672
170,60,Female,Urban,14,7,66935,21107,19864,18506,7458
171,46,Female,Urban,3,4,82363,14878,19726,11535,18539
172,53,Male,Rural,216,9,75967,9145,22437,14002,3479
173,30,Male,Metro,229,10,79857,23042,23958,17970,14887
174,49,Male,Urban,336,11,89867,18226,24243,4682,51
175,24,Female,Metro,186,11,40238,2802,9409,15702,2159
176,68,Female,Urban,55,8,49104,24119,9656,10939,4390
177,39,Female,Metro,254,10,81075,27185,28984,8826,16080
178,45,Female,Rural,24,9,31657,6105,4174,19266,2112
179,19,Female,Urban,162,8,44281,2749,23531,5249,12752
180,59,Male,Urban,158,3,95067,34129,4770,19195,14593
181,62,Female,Metro,82,5,58329,24512,5833,12645,15339
182,23,Male,Metro,159,7,80752,36541,24589,18268,1354
183,45,Male,Urban,188,7,52211,13495,23386,9710,5620
184,45,Male,Rural,60,8,55610,2064,18677,8813,3754
185,61,Female,Metro,305,5,61485,30078,2045,12769,16593
186,61,Female,Metro,319,7,71917,30011,1037,14161,16167
187,37,Female,Metro,211,7,76033,5616,6242,9729,237
188,47,Male,Urban,152,7,95576,7975,28704,15680,8527
189,28,Male,Urban,109,7,98911,10960,9651,16147,8075
190,45,Male,Urban,76,10,81046,27992,24832,10262,17960
191,42,Male,Urban,30,7,64910,21387,12321,2365,8691
192,56,Male,Rural,314,9,98288,15324,6162,13195,9756
193,50,Male,Rural,117,7,61972,6243,4073,11037,3540
194,18,Female,Urban,356,5,91893,32628,17667,11230,9327
195,44,Female,Rural,192,8,56919,9560,16035,17238,10540
196,69,Female,Metro,19,12,83486,4923,6732,15552,7257
197,30,Female,Metro,173,4,82288,39235,22329,2728,16533
198,58,Male,Metro,228,9,53831,21325,3487,17299,11720
199,20,Male,Urban,350,7,47234,27949,2184,15477,1624
200,56,Female,Metro,183,9,94812,22821,24934,4938,7661
201,23,Male,Rural,113,10,53532,6076,28367,131,18958
202,25,Female,Urban,183,6,93511,22032,29425,19977,7529
203,44,Female,Rural,146,11,69206,8001,13890,293,13654
204,26,Female,Metro,319,6,75900,15303,19571,14727,2108
205,54,Male,Metro,116,9,59967,16457,29075,10488,3947
206,50,Female,Metro,113,9,91216,12303,9417,6846,7899
207,68,Female,Urban,251,7,41579,15128,5495,7584,13372
208,59,Female,Rural,251,7,58545,18280,18681,16670,4914
209,61,Male,Urban,303,8,76577,39427,14781,8641,6667
210,41,Male,Urban,313,12,75590,31644,7097,11432,2263
211,32,Female,Metro,118,7,78173,38014,8469,10895,3815
212,49,Male,Urban,301,4,77293,6967,12399,5303,577
213,49,Male,Urban,161,7,67752,6661,26562,19500,15029
214,41,Male,Metro,198,7,53868,12416,16202,8444,16806
215,58,Male,Urban,260,7,78865,510,19928,9611,2763
216,69,Male,Metro,148,5,74326,35200,10985,10528,17613
217,66,Male,Metro,240,7,42001,1906,6831,17619,15645
218,66,Male,Metro,47,6,62868,25534,16775,999,19560
219,69,Male,Metro,198,7,36886,16448,968,3760,8945
220,29,Male,Urban,47,7,69265,37696,10382,4116,17071
221,56,Male,Metro,78,11,31378,4710,5151,4411,17106
222,19,Female,Metro,124,10,89912,38892,26804,10362,13854
223,20,Female,Urban,75,8,83910,15583,10818,11113,17130
224,66,Male,Urban,359,11,51000,17184,27421,3683,2712
225,54,Female,Rural,137,7,81337,24853,20748,18645,17091
226,66,Female,Urban,90,11,56639,6109,19691,14982,15857
227,34,Male,Urban,325,4,27930,6659,10792,1853,8626
228,66,Male,Rural,61,6,54641,1238,27256,13079,13068
229,19,Male,Urban,138,8,71393,15064,6125,6895,16867
230,19,Female,Urban,50,12,69578,31115,4370,19374,14719
231,45,Female,Urban,259,6,51258,31952,4838,12935,1533
232,40,Male,Urban,107,6,50900,5620,16175,12552,16553
233,54,Male,Rural,113,8,92372,34254,24661,16053,17404
234,49,Male,Urban,350,10,91485,37449,3134,862,7093
235,50,Female,Urban,254,9,74229,4470,12691,4527,13156
236,18,Female,Rural,118,13,61912,22003,10431,12247,17231
237,36,Female,Metro,198,8,70515,27571,11556,17603,13785
238,19,Female,Rural,337,11,70675,24668,26621,3795,15591
239,61,Male,Metro,51,10,40267,11723,1054,12796,14694
240,43,Male,Rural,245,11,93838,31040,27977,12734,3346
241,49,Male,Rural,35,13,77126,39945,20113,527,4013
242,23,Male,Urban,302,6,41430,32046,2669,2922,31
243,49,Female,Metro,69,12,69659,5441,16659,5849,11156
244,21,Female,Urban,349,7,55650,11719,16081,17546,10304
245,28,Male,Metro,320,9,75236,5397,12938,12956,7877
246,34,Male,Rural,49,5,77067,34389,5717,17230,6170
247,55,Female,Rural,74,8,49264,17945,12282,6959,12078
248,41,Male,Metro,192,10,42525,22233,14891,3086,2315
249,22,Female,Urban,261,9,37124,17800,9297,9962,65
250,69,Male,Urban,356,2,50478,4190,14201,19667,12420
251,51,Male,Urban,70,8,87842,37822,16289,15419,18312
252,23,Male,Urban,90,7,85117,1130,24406,3323,7533
253,39,Male,Rural,260,4,53104,14071,24384,445,14204
254,28,Male,Rural,126,8,80118,19981,12873,17409,15317
255,65,Male,Rural,231,13,55046,2118,27508,9963,15457
256,33,Male,Rural,295,5,51886,663,16512,17743,16968
257,50,Female,Rural,129,4,65343,15735,28927,15437,5244
258,26,Female,Urban,280,9,91627,19158,23461,16855,8154
259,23,Female,Urban,313,4,94770,31087,20710,16411,18132
260,33,Female,Urban,100,6,91141,22578,19952,10847,18588
261,46,Female,Urban,326,8,61558,19874,13448,3236,11822
262,20,Male,Rural,297,11,48484,17907,15198,13487,1892
263,37,Male,Rural,182,8,49275,22787,7622,11848,7018
264,53,Female,Rural,174,4,53561,21705,8080,13155,10621
265,36,Male,Metro,316,6,36979,3845,2402,11255,19477
266,43,Female,Urban,364,9,73551,39069,18031,1979,973
267,20,Female,Urban,188,9,73392,16482,3556,9007,10834
268,36,Male,Rural,57,6,72464,35056,28467,2326,6615
269,37,Male,Urban,31,10,36194,26090,2193,2330,4329
270,49,Male,Urban,84,6,33399,20681,10239,1002,1477
271,24,Female,Rural,152,4,68803,32252,19488,9734,7329
272,69,Male,Metro,36,4,89730,7796,20739,6448,6444
273,58,Female,Metro,213,8,49003,7263,18518,6837,16385
274,50,Female,Metro,364,9,61997,12777,25418,12396,11406
275,57,Female,Rural,106,10,61087,20343,26547,7354,6843
276,56,Male,Urban,342,13,71229,14862,28936,14251,5972
277,35,Male,Rural,220,11,75760,37649,20287,2529,15295
278,57,Female,Rural,163,8,54002,15691,19997,13209,5105
279,18,Male,Urban,220,11,62356,25028,8583,17814,10931
280,28,Male,Metro,270,1,61343,31066,18663,3912,7702
281,45,Male,Metro,120,14,95871,33181,25476,17916,19298
282,42,Female,Rural,336,10,66961,17934,12875,18276,14136
283,67,Female,Metro,182,9,62464,20910,10686,11316,19552
284,40,Male,Rural,106,10,64165,7141,17536,1421,2599
285,48,Female,Rural,217,6,33264,16225,1294,13510,2235
286,47,Male,Urban,205,12,88547,34714,15448,19202,19183
287,59,Male,Urban,70,6,63253,21587,25041,11152,5473
288,52,Male,Urban,44,11,67775,32959,21673,5617,18
289,24,Male,Rural,329,7,26595,14175,10367,1195,858
290,33,Female,Urban,301,7,86311,10051,19629,6229,5380
291,43,Female,Metro,228,7,54149,5892,22452,5305,3032
292,65,Female,Metro,184,3,43778,3449,13337,8077,18915
293,69,Male,Rural,107,5,85128,38677,23100,15880,7471
294,66,Male,Rural,84,7,33111,12393,6654,9345,4719
295,19,Male,Urban,338,14,91710,29190,25063,17226,12943
296,18,Female,Rural,250,9,93199,34709,19322,5200,4863
297,65,Male,Rural,363,4,64455,31533,19010,9874,4038
298,29,Female,Metro,21,12,62604,26141,17333,294,18836
299,22,Female,Metro,196,9,58625,36989,12693,6097,2846
300,54,Female,Urban,178,5,63103,23908,9241,6412,8064
301,49,Female,Rural,7,5,89319,39311,29778,8836,11394
302,26,Female,Rural,70,7,74638,32322,4075,11825,6622
303,58,Female,Metro,127,13,73652,14012,12651,6678,12295
304,52,Male,Rural,160,10,96436,34889,25966,15735,19846
305,36,Male,Metro,248,10,44212,17412,9275,5743,11782
306,65,Female,Urban,203,5,61105,30614,12838,16494,1159
307,33,Female,Metro,148,7,86856,24657,1658,8775,4626
308,20,Male,Rural,143,5,71043,5656,28963,11417,3722
309,37,Female,Urban,199,11,37207,8967,6932,9678,11630
310,41,Female,Metro,154,7,60919,19422,14248,4864,19944
311,50,Male,Metro,142,9,96249,15764,24437,13467,11274
312,41,Female,Urban,313,7,83055,15873,6959,1648,14888
313,69,Female,Urban,165,8,69416,28949,18201,15677,6589
314,28,Female,Metro,314,6,86455,2271,8382,15918,15473
315,66,Male,Rural,21,2,38622,1607,16844,2381,2243
316,25,Male,Metro,82,6,68544,19523,24355,16489,8177
317,53,Male,Urban,69,6,56494,27990,14999,11745,1760
318,55,Female,Metro,131,12,85677,3665,22399,5818,16202
319,57,Female,Urban,87,5,38012,16308,6376,9886,5442
320,37,Male,Urban,218,5,44197,5852,18905,381,19059
321,52,Female,Rural,305,6,28259,5462,3476,4356,14965
322,65,Female,Urban,345,6,60038,31795,19089,5918,3236
323,42,Female,Urban,341,9,25563,4270,4366,1316,15611
324,52,Female,Rural,161,12,87491,24491,16206,5454,8235
325,42,Female,Urban,178,10,90899,36230,25733,13107,15829
326,46,Male,Rural,117,5,71585,347,12458,4074,8680
327,35,Female,Rural,196,10,59008,32830,27,14811,11340
328,63,Male,Urban,327,12,48836,1783,20615,17290,9148
329,35,Female,Urban,86,4,76893,28390,11164,7621,10306
330,19,Male,Metro,289,8,49510,8417,6548,17046,17499
331,52,Female,Rural,81,8,57503,6566,3024,16126,18165
332,33,Male,Metro,152,7,88789,17426,29559,8654,11018
333,58,Female,Urban,61,6,63146,30750,1264,12872,18260
334,53,Male,Metro,61,6,48387,10872,9047,17326,11142
335,50,Female,Rural,354,8,96334,28695,12217,14951,19759
336,21,Male,Metro,28,9,61262,1234,6587,8349,19134
337,50,Female,Rural,43,11,70568,34752,6577,19693,9546
338,31,Male,Urban,169,11,81291,28832,17635,17710,3276
339,38,Male,Urban,86,6,67008,17978,12796,10909,16832
340,65,Female,Rural,177,8,99417,22641,3870,10760,16008
341,37,Female,Urban,17,10,44209,27127,1326,11584,4172
342,25,Male,Urban,98,6,72570,34720,22561,2106,13183
343,24,Female,Urban,198,7,53801,18079,9217,13669,12836
344,20,Male,Urban,98,6,46010,17338,16745,2938,8989
345,34,Male,Rural,65,8,43256,3291,17602,2483,19880
346,50,Male,Metro,330,8,82998,8548,605,1375,13740
347,65,Female,Metro,341,13,79196,33736,22343,10015,13102
348,29,Male,Urban,5,5,78061,28022,18054,16628,15357
349,68,Male,Metro,2,9,64427,4234,13003,18732,18566
350,39,Female,Metro,22,8,67882,26720,10489,15060,15613
351,39,Female,Urban,112,11,62724,13368,26770,16863,3326
352,63,Female,Urban,57,7,40934,8734,20827,10654,719
353,47,Female,Metro,66,8,87679,33793,17661,18319,17906
354,55,Male,Rural,330,4,96898,12197,16782,14253,1069
355,55,Male,Urban,98,7,36160,3359,13487,11565,7749
356,62,Male,Rural,144,8,69603,38025,18556,87,12935
357,68,Male,Metro,125,12,69232,35719,19194,9432,4887
358,25,Female,Urban,167,8,83747,7389,14733,8764,11267
359,44,Male,Rural,86,7,81107,14952,6274,178,18540
360,44,Male,Urban,76,9,75630,29075,22065,16546,7944
361,51,Female,Metro,344,9,66428,18939,10844,2640,15934
362,38,Male,Rural,294,10,87843,15624,19323,9197,12747
363,47,Male,Metro,59,4,56369,1735,25397,18732,10505
364,50,Male,Metro,138,5,53374,24315,13189,2421,13449
365,45,Male,Urban,99,10,57394,17422,17328,10947,11697
366,64,Male,Rural,192,13,72547,39137,28054,1217,4139
367,50,Male,Metro,243,13,35793,7127,10971,2474,15221
368,22,Female,Metro,319,7,68963,35680,5965,929,7087
369,65,Female,Rural,49,8,91725,12606,12621,7958,632
370,36,Male,Metro,32,6,91674,32743,29715,1502,2199
371,21,Male,Metro,277,10,55326,34010,6348,420,14548
372,52,Female,Rural,20,8,80923,15636,24154,13580,11255
373,66,Male,Rural,154,5,83965,25348,23483,15840,19294
374,34,Male,Rural,68,10,61970,10108,29026,5830,17006
375,61,Male,Rural,214,13,49584,8098,17580,17833,6073
376,45,Female,Urban,143,3,76331,36180,17596,5811,16744
377,47,Male,Rural,232,10,47861,18883,823,8619,10559
378,46,Female,Urban,213,1,66481,7160,29697,13527,16097
379,63,Male,Urban,79,5,97460,19929,26472,16223,8401
380,23,Female,Urban,214,10,36446,17597,7084,106,11659
381,52,Female,Metro,116,13,36749,11123,12455,4049,9122
382,58,Male,Urban,92,11,61147,28357,10607,8289,13894
383,54,Female,Urban,270,6,24659,4960,16919,1903,877
384,41,Male,Metro,168,9,81521,33556,14236,19954,13775
385,46,Female,Metro,58,11,59833,18255,19394,11493,10691
386,66,Male,Metro,284,8,51072,13350,16236,5376,16110
387,63,Male,Rural,26,6,57333,30881,10819,42,2523
388,48,Female,Metro,66,4,56450,18409,23921,1577,12543
389,52,Male,Metro,248,10,63256,32635,11969,12382,6270
390,50,Male,Urban,254,13,30752,2446,17333,5885,5088
391,69,Female,Metro,44,6,58497,30657,11700,8576,7564
392,38,Male,Rural,97,6,70257,21207,28878,13106,7066
393,49,Male,Metro,42,8,34368,8752,543,11663,6545
394,40,Female,Rural,227,8,53185,13440,3900,3577,2321
395,50,Female,Metro,262,10,98630,6499,11945,19622,13132
396,20,Male,Metro,167,7,81221,21139,4224,16142,8330
397,35,Male,Metro,279,8,42063,14767,13758,5244,8294
398,42,Female,Metro,89,8,52979,22343,14949,2134,13553
399,59,Female,Rural,178,13,63595,27712,26658,3892,5333
400,48,Male,Rural,197,8,83277,19673,2866,4321,7858
401,20,Female,Urban,307,6,83297,29488,18630,5776,5389
402,57,Male,Rural,267,9,79872,26520,18220,10584,18232
403,63,Male,Metro,268,6,43376,15784,8268,16119,3205
404,41,Male,Urban,74,7,79950,38079,24944,5828,2161
405,67,Male,Urban,8,6,71333,20491,23360,295,17848
406,49,Male,Urban,297,12,69843,35268,12813,413,643
407,64,Female,Metro,164,4,99104,14718,16732,10187,14986
408,39,Female,Rural,85,7,66142,35597,4601,14316,11628
409,40,Female,Metro,72,6,57764,32815,12930,6668,5351
410,19,Female,Urban,55,10,88844,35132,4333,15344,4553
411,44,Male,Metro,47,3,90751,26832,5399,8195,6518
412,59,Male,Metro,238,7,78331,31862,22080,16561,5723
413,19,Male,Rural,104,6,81520,12864,17839,4354,7946
414,43,Male,Rural,210,7,59326,22842,18569,5482,610
415,34,Female,Urban,42,5,78670,8177,7436,16076,4302
416,57,Male,Metro,316,10,48958,11844,20195,15376,1543
417,50,Male,Metro,268,8,43002,8594,27848,3271,1466
418,26,Female,Rural,263,6,88187,13418,23693,10674,9108
419,60,Female,Metro,336,7,69849,34854,14947,5392,14656
420,65,Female,Metro,259,6,85458,23108,13961,16673,6236
421,56,Female,Metro,283,14,46533,10419,8086,14309,13719
422,46,Male,Rural,114,9,60577,22539,3682,16791,17565
423,59,Male,Urban,363,7,84796,12835,18230,693,18530
424,43,Female,Urban,40,8,39212,17533,1854,1169,18656
425,52,Male,Metro,220,8,50166,29515,2985,8623,9043
426,67,Male,Urban,129,12,77265,35921,29026,7782,4536
427,42,Male,Rural,8,10,92797,22322,10817,13856,17103
428,41,Female,Rural,101,11,48881,10223,19278,9174,10206
429,30,Male,Urban,176,9,68158,10273,7496,11352,19856
430,24,Female,Urban,107,5,57147,33519,558,19428,3642
431,53,Male,Metro,101,6,61032,24160,19280,5530,12062
432,62,Male,Urban,260,8,56781,8849,26493,4992,16447
433,37,Male,Metro,246,6,43277,25656,1254,3312,13055
434,18,Female,Metro,275,10,80491,10348,15667,13065,559
435,25,Male,Rural,32,10,98079,17924,18065,4318,1733
436,63,Female,Rural,137,7,77933,38935,16078,14059,8861
437,33,Female,Rural,12,8,72203,39132,29841,1688,1542
438,31,Female,Rural,302,12,33568,1983,21655,467,9463
439,29,Male,Urban,16,8,46848,24890,10006,9537,2415
440,68,Male,Rural,129,8,85749,14629,6283,2422,10983
441,40,Male,Urban,63,12,76937,11273,8854,14604,12905
442,32,Male,Rural,109,5,87732,31739,12308,4721,5387
443,45,Female,Urban,21,6,57416,7894,3325,9203,8187
444,51,Female,Metro,158,9,92512,24343,17625,7541,6643
445,19,Female,Urban,269,8,59853,31174,3143,9869,15667
446,49,Male,Urban,162,13,68009,6900,3037,14785,11246
447,40,Female,Rural,260,5,44674,3800,24737,13679,2458
448,39,Male,Urban,102,8,66233,35246,12417,12542,6028
449,68,Female,Metro,223,4,56897,7054,26526,17870,5447
450,42,Male,Metro,59,3,101317,38827,28896,14461,19133
451,39,Male,Rural,247,13,78593,29373,18165,11038,1948
452,39,Female,Metro,128,6,50758,27525,4675,12252,6306
453,66,Female,Urban,283,7,94659,38977,17861,9770,8251
454,69,Female,Metro,325,10,46562,7115,27606,3749,8092
455,59,Female,Rural,25,7,89659,31107,7148,11817,12363
456,23,Male,Urban,131,8,75617,30486,28562,2503,14066
457,32,Female,Rural,353,8,69787,13068,7551,7855,16129
458,60,Female,Urban,196,7,64284,18640,16490,13378,15776
459,54,Female,Metro,281,8,46344,32158,2668,11329,189
460,50,Male,Rural,154,8,80308,36136,21319,11101,11752
461,25,Male,Rural,133,9,95682,16128,23654,16783,7482
462,61,Female,Urban,227,6,71318,24942,17548,12149,16679
463,61,Male,Rural,189,8,33157,2827,14912,14619,799
464,22,Female,Urban,265,11,97517,15990,17541,17923,9934
465,56,Male,Urban,134,12,71570,35255,2246,14985,19084
466,21,Male,Urban,211,7,50454,19987,6653,15026,8788
467,23,Male,Urban,60,9,64480,20901,25242,8428,9909
468,62,Male,Metro,364,6,64513,16277,26702,9119,12415
469,49,Female,Urban,364,9,44188,1643,11133,4124,10790
470,69,Female,Rural,213,5,64003,23729,7649,18779,13846
471,47,Female,Metro,216,13,59071,21087,16895,16375,4714
472,64,Male,Rural,226,12,46076,21818,8441,449,11408
473,52,Female,Metro,131,8,49402,19,888,16763,2839
474,57,Female,Urban,76,8,95467,33443,9215,15034,3513
475,69,Female,Metro,286,5,61770,9457,29270,9442,13601
476,33,Male,Metro,277,9,81337,33922,24367,12643,1135
477,30,Male,Rural,156,3,76164,9820,29424,2301,11913
478,67,Male,Rural,248,8,75264,32750,8791,7710,10101
479,59,Female,Urban,218,10,80313,36484,19406,5792,18631
480,47,Female,Metro,190,8,73131,38010,18914,9659,6548
481,36,Female,Metro,163,13,60597,37790,11075,7216,4516
482,34,Male,Metro,180,3,61382,22869,22699,11712,4102
483,36,Male,Urban,34,9,88995,34421,15204,4905,16217
484,45,Female,Urban,41,4,54648,2502,18448,15766,17932
485,43,Male,Urban,307,12,60184,16665,9950,5999,4511
486,54,Male,Urban,338,8,73613,25600,5413,16983,19215
487,43,Male,Urban,314,6,59194,29394,6537,7288,14024
488,40,Male,Rural,75,8,68507,14086,3569,11266,11413
489,26,Female,Metro,279,8,69318,36171,1242,15586,16319
490,29,Male,Metro,176,7,59345,34003,4329,1567,19446
491,18,Male,Metro,150,9,51461,13149,10487,15110,12715
492,18,Male,Metro,273,9,72760,30394,18309,16082,7975
493,64,Male,Metro,325,6,69582,14396,26638,1094,19436
494,51,Female,Metro,108,5,62743,23324,3395,11135,12621
495,49,Female,Metro,139,7,58012,17169,16824,13508,10511
496,65,Male,Metro,350,8,80126,26243,21615,12345,19923
497,42,Male,Rural,271,8,75823,31016,24565,9684,10558
498,57,Male,Metro,347,7,56491,3194,19127,6191,526
499,62,Male,Rural,289,8,77470,32398,8039,17842,19191
500,18,Male,Urban,212,5,69340,4789,8198,8046,1753
501,33,Male,Metro,272,12,41335,20159,1586,4934,14656
502,56,Female,Urban,66,7,46817,5350,17209,14038,10220
503,22,Male,Urban,248,10,56517,33301,3824,1354,18038
504,39,Female,Urban,156,5,83632,24977,17652,6473,12741
505,46,Female,Rural,47,8,89768,36431,23999,12794,4841
506,20,Male,Urban,201,6,26909,129,3436,2963,4041
507,29,Female,Urban,148,6,86108,34626,28014,14503,8965
508,43,Female,Urban,124,11,53098,27549,8089,3042,14418
509,33,Female,Metro,1,10,86125,12342,16057,6973,4417
510,68,Female,Metro,247,9,55337,36417,1310,7139,8977
511,54,Female,Rural,343,9,65400,10978,28609,11226,14587
512,39,Female,Rural,128,9,73644,37628,9819,6930,19267
513,46,Male,Metro,191,5,73042,8833,15465,14762,448
514,31,Female,Rural,67,11,96913,33491,25612,18116,19694
515,45,Female,Metro,4,7,52855,29473,13457,5340,4585
516,22,Female,Urban,303,6,19076,737,477,5111,12751
517,64,Male,Urban,294,5,88367,29429,27254,3081,8108
518,66,Female,Rural,143,10,66382,1299,8906,7802,15534
519,47,Male,Metro,191,8,75319,339,9868,9462,11443
520,63,Female,Metro,21,10,67340,32920,18546,15580,294
521,69,Male,Rural,227,9,81145,19435,508,17913,1238
522,22,Male,Metro,313,10,73299,33194,7319,17465,15321
523,29,Female,Urban,117,9,89571,24509,381,7994,16074
524,33,Female,Rural,302,9,43709,1373,25756,3531,13049
525,43,Male,Rural,142,11,36178,7082,15287,9343,2816
526,43,Female,Metro,39,10,80172,25532,1845,716,1098
527,65,Male,Rural,355,7,63458,18866,23684,6229,14679
528,38,Male,Metro,252,9,55776,7593,29858,16588,1737
529,56,Male,Metro,333,9,52651,9495,12562,12021,18573
530,53,Male,Metro,207,2,75221,7837,9910,11301,2765
531,50,Male,Metro,210,11,80314,11172,25676,4094,17606
532,47,Female,Metro,115,9,68870,18680,26436,9524,14230
533,54,Male,Rural,225,5,78488,30346,26667,10041,11434
534,40,Male,Urban,134,2,68899,23412,25293,8103,12091
535,27,Female,Urban,251,6,94949,22863,24101,18402,410
536,22,Male,Rural,219,6,90116,30804,24893,15090,19329
537,53,Female,Rural,91,6,36264,10934,4629,15915,4786
538,51,Female,Urban,354,8,73089,30723,5704,8709,9069
539,69,Female,Urban,46,7,89789,20405,1776,1438,17170
540,48,Male,Urban,38,7,90451,18748,24487,18436,18493
541,27,Male,Urban,142,6,41607,5230,15513,15029,5835
542,36,Male,Urban,100,8,73204,22354,18668,4517,1986
543,49,Female,Metro,328,9,51004,8954,15228,18696,8126
544,18,Male,Rural,190,8,58072,23139,1244,10905,9070
545,22,Female,Metro,35,7,53499,17388,1333,1244,7300
546,62,Male,Urban,147,12,70211,39825,3669,2416,15548
547,21,Female,Urban,30,8,71803,36523,17584,15293,2403
548,33,Male,Urban,334,6,68544,35614,18178,6490,8262
549,41,Male,Metro,84,9,86220,35732,15579,11683,10502
550,33,Male,Metro,281,7,94847,21021,22565,5839,6701
551,19,Female,Urban,344,8,73124,27702,27277,14850,3295
552,66,Female,Metro,270,9,81672,35523,17838,12170,15687
553,45,Male,Metro,154,7,78755,19116,1933,11967,12875
554,49,Male,Urban,102,7,69783,6473,746,5009,2121
555,44,Female,Metro,215,6,70951,22735,23754,17966,3582
556,37,Female,Rural,150,7,72282,34461,9032,14312,14477
557,41,Female,Rural,83,10,54186,11084,24357,8924,9821
558,29,Male,Rural,110,10,77448,28756,27071,15921,5700
559,67,Female,Rural,275,7,49938,17068,6827,18811,7232
560,52,Male,Urban,201,10,55122,28916,16197,5721,4288
561,50,Female,Urban,284,6,49402,2919,25664,8423,1085
562,50,Male,Urban,173,8,45163,23550,792,4930,15891
563,68,Female,Rural,327,7,63404,36524,6927,4353,15600
564,60,Female,Rural,206,7,37411,3283,17651,7832,8645
565,54,Female,Metro,63,8,50224,4691,9742,16786,19005
566,29,Female,Metro,73,9,88851,23212,6369,16448,8810
567,20,Female,Rural,251,9,81799,28602,14800,18621,8828
568,18,Male,Rural,124,10,63116,17540,19074,7770,18732
569,50,Female,Rural,121,7,83025,35829,7874,16556,4874
570,57,Female,Rural,275,4,51456,5919,16676,15094,13767
571,27,Female,Metro,120,6,60353,22277,6864,7935,19420
572,60,Male,Rural,317,7,53092,17676,4022,2675,10913
573,61,Female,Metro,164,6,63187,9752,25980,11240,16215
574,46,Male,Rural,286,10,56782,16012,18032,4005,18733
575,30,Female,Rural,265,7,41059,9175,11008,6544,14332
576,29,Female,Rural,320,15,47429,2067,12102,17332,4432
577,48,Male,Metro,161,5,83044,31478,29913,14388,7265
578,63,Female,Metro,308,5,89534,26439,15342,14959,6103
579,19,Male,Urban,89,6,58563,34747,11110,1694,11012
580,68,Male,Rural,142,8,65634,29810,5171,14753,15900
581,67,Female,Urban,203,13,47172,18302,9589,16526,2031
582,52,Male,Urban,309,8,42411,700,18077,6001,17633
583,40,Female,Metro,227,6,70116,36814,6710,6652,19940
584,34,Female,Metro,334,13,75766,34841,17421,14985,8519
585,43,Male,Urban,222,5,72442,3048,20236,4581,8988
586,25,Male,Rural,41,7,62274,33290,5459,5087,5299
587,46,Male,Metro,196,6,79108,11101,14937,1460,12952
588,43,Male,Rural,68,6,46513,29778,9754,3887,3094
589,27,Female,Rural,264,7,70968,27425,25688,14878,2977
590,43,Female,Urban,2,8,77147,17852,7048,8484,17346
591,51,Male,Urban,361,6,62628,24500,22568,9835,5725
592,68,Female,Urban,125,9,39068,12674,9483,15643,1268
593,58,Female,Urban,110,7,92414,23195,17545,10910,16161
594,24,Female,Metro,86,6,75761,24371,17413,17221,16756
595,21,Female,Metro,120,6,75429,33053,28913,5846,7617
596,67,Male,Urban,127,6,83174,11957,12449,8463,15032
597,62,Male,Metro,255,5,60051,7108,15354,13336,12934
598,28,Female,Urban,183,7,90007,17829,27315,2369,11885
599,46,Male,Rural,16,4,30603,5837,978,13992,9796
600,53,Male,Rural,62,12,74398,15032,8709,19558,6279
601,42,Male,Rural,158,6,64780,34234,29569,882,95
602,38,Female,Urban,268,10,70359,26352,25358,3171,15478
603,53,Female,Rural,35,4,55036,30215,15760,2040,7021
604,27,Female,Metro,267,8,41686,9106,11023,6372,15185
605,54,Male,Rural,64,2,72047,28766,29851,7562,5868
606,26,Female,Rural,50,6,92303,38700,28756,11776,13071
607,41,Female,Rural,255,9,58443,9996,21513,5900,8041
608,52,Male,Metro,149,6,68388,1178,16521,7965,16515
609,66,Female,Urban,325,10,80420,35319,25329,8465,11307
610,52,Female,Metro,304,6,44315,16025,11145,589,7290
611,65,Male,Urban,276,8,65165,9780,21192,5063,15495
612,53,Male,Urban,357,3,62087,22706,14491,18374,6516
613,35,Male,Rural,172,5,54387,9967,18839,16240,9341
614,66,Female,Urban,201,11,71226,30856,27410,1258,11702
615,56,Female,Metro,324,9,59427,37630,7392,13598,807
616,49,Female,Metro,35,7,62196,9179,25155,2866,13031
617,41,Male,Urban,216,8,83459,38623,11447,16955,16434
618,40,Male,Rural,65,4,57373,17587,19650,8736,11400
619,49,Female,Rural,8,12,76751,23733,21033,12704,16439
620,54,Female,Metro,301,11,50606,22770,8587,637,3664
621,29,Male,Rural,343,6,49641,33887,10129,4882,743
622,66,Male,Urban,332,9,39740,3975,13907,15828,6030
623,30,Male,Urban,76,14,52889,12919,21637,3672,14661
624,40,Male,Metro,174,8,54974,9602,5428,12329,14975
625,42,Female,Urban,47,8,71475,34060,22369,14967,79
626,52,Male,Metro,15,6,59141,10140,29481,4711,14809
627,58,Female,Urban,361,8,49126,21170,2589,13235,12132
628,47,Female,Metro,147,6,63461,28830,23560,159,2966
629,34,Female,Rural,26,11,35302,6590,3034,10144,15534
630,66,Male,Urban,308,5,49299,30609,169,14793,3728
631,37,Male,Urban,93,12,58773,17401,26913,9923,4536
632,65,Male,Metro,232,9,53415,27729,3239,5938,16509
633,42,Male,Metro,21,11,78661,37944,3415,11354,5813
634,39,Female,Urban,307,6,59468,28645,19952,9924,947
635,30,Male,Metro,38,9,62248,29047,11408,580,12565
636,36,Male,Urban,276,9,46362,22560,3484,4474,15844
637,66,Female,Rural,157,9,80244,6647,21219,9941,594
638,53,Male,Metro,179,9,84608,21106,18225,7073,16524
639,29,Female,Urban,132,7,71631,6015,14923,9662,19439
640,58,Female,Rural,311,5,98031,21506,23262,5059,14017
641,36,Female,Rural,348,2,70065,24067,28336,13457,4205
642,29,Female,Urban,28,9,81206,2056,20936,4328,7782
643,26,Female,Metro,260,6,59001,31719,6844,17778,2660
644,24,Female,Urban,76,7,65672,29328,19410,921,16013
645,45,Female,Rural,67,4,65175,12176,29997,2773,6856
646,31,Female,Urban,342,9,65009,31885,22573,4462,6089
647,48,Male,Metro,194,8,95194,21269,3965,19818,5318
648,69,Male,Rural,162,10,71739,3114,7184,6733,15405
649,36,Male,Urban,347,9,88054,13442,26177,11774,18936
650,64,Male,Metro,361,9,52797,1629,21863,9310,19995
651,33,Female,Rural,257,2,53357,17927,5380,1865,8062
652,22,Male,Metro,72,6,83379,31317,17530,17108,17424
653,52,Female,Rural,87,7,68902,23896,20710,711,8506
654,29,Male,Urban,262,7,62801,28155,15285,7710,11651
655,42,Male,Metro,214,9,78324,18288,27260,13446,19330
656,69,Male,Rural,153,6,97623,21415,111,13394,15730
657,38,Female,Metro,210,6,55854,36085,16143,390,3236
658,53,Male,Metro,61,10,49415,11251,16976,9262,3680
659,40,Female,Urban,268,10,64167,36884,7413,4487,15383
660,33,Female,Metro,262,12,96825,25574,14726,10620,11298
661,56,Male,Rural,218,8,65677,9623,24563,13570,17921
662,62,Male,Rural,283,5,58879,20936,27015,6066,3872
663,59,Male,Rural,136,8,86159,6123,17622,4494,1867
664,56,Female,Rural,362,8,36085,3061,5983,3572,15820
665,31,Male,Urban,93,8,85892,36499,19178,12670,17545
666,48,Female,Metro,109,14,85944,39095,26990,15939,3920
667,22,Female,Urban,241,2,60725,28451,10321,16260,5693
668,52,Male,Metro,355,7,64987,16361,27429,10249,10948
669,40,Male,Metro,142,7,50527,15907,11061,2311,8456
670,46,Female,Metro,291,5,81987,34814,29771,11071,6331
671,60,Female,Urban,237,7,99560,19605,3598,6773,13107
672,28,Female,Metro,340,8,92005,32256,20187,6905,9494
673,35,Male,Urban,312,8,82439,11332,1526,3642,13853
674,64,Female,Rural,177,12,69748,37832,7909,6338,9386
675,29,Male,Rural,141,4,65701,29476,1969,16346,17910
676,26,Female,Metro,189,6,45712,9445,9143,18993,8131
677,27,Female,Urban,49,8,72794,33490,17886,9622,11796
678,61,Male,Rural,302,9,67431,29767,20851,15655,1158
679,34,Female,Urban,190,6,56740,15210,11528,10105,19897
680,55,Male,Urban,136,11,70718,24159,22791,6240,17528
681,24,Male,Metro,43,6,95817,7564,8301,14797,68
682,63,Female,Rural,353,9,61304,21219,28562,7806,3717
683,30,Male,Metro,90,12,46275,27946,2354,757,15218
684,57,Male,Metro,295,7,59326,36587,5319,6220,11200
685,59,Female,Rural,341,14,29548,3364,225,10104,15855
686,26,Male,Rural,245,6,42515,4318,14520,14316,9361
687,67,Male,Urban,192,9,39508,11479,3011,9326,15692
688,44,Male,Rural,318,8,32006,7398,4126,8956,11526
689,19,Female,Urban,106,10,91027,2452,613,19109,10207
690,22,Male,Urban,363,9,72448,21672,14082,19752,9231
691,46,Female,Urban,310,5,68235,33193,16482,3497,15063
692,54,Female,Rural,233,7,33910,13865,5458,9864,4723
693,55,Male,Metro,265,10,99746,25345,9002,8774,4213
694,36,Male,Urban,344,6,60164,20359,22300,14039,3466
695,25,Male,Metro,37,7,49751,8799,19721,1821,19410
696,65,Female,Metro,305,8,55770,23053,2699,17569,12449
697,62,Male,Rural,41,6,79841,34892,29485,12717,2747
698,18,Male,Metro,17,5,70460,17684,22301,18021,12454
699,39,Male,Metro,344,7,69531,5015,7517,10372,12587
700,69,Male,Rural,277,4,57447,31665,1019,8380,16383
701,34,Male,Urban,307,12,35984,8657,19409,1746,2203
702,24,Female,Metro,59,12,57286,21951,15903,5797,13635
703,42,Female,Rural,183,9,88061,32063,19912,16283,19803
704,62,Male,Metro,41,7,66228,32743,20270,8089,1144
705,21,Male,Metro,39,5,93099,26521,22615,19004,19083
706,53,Male,Urban,192,5,56647,10731,21566,12137,12213
707,23,Male,Metro,267,7,72878,18744,29593,7597,16944
708,48,Female,Rural,147,6,39415,18423,13698,6107,1187
709,36,Male,Metro,333,7,57790,17568,16150,2793,3133
710,61,Female,Urban,127,9,66696,3934,5578,11138,3411
711,56,Female,Urban,46,8,22327,11409,6729,2500,1689
712,44,Male,Rural,45,6,62779,31410,6961,13138,4407
713,27,Female,Urban,1,9,52763,30808,11171,8361,2423
714,43,Female,Metro,168,8,70109,8172,13947,4925,17753
715,36,Female,Urban,108,5,79466,27358,27916,17464,6728
716,56,Female,Rural,19,9,35593,777,22397,4453,976
717,20,Male,Urban,332,6,68376,19763,17180,18632,12801
718,62,Male,Urban,72,8,95036,35186,1957,14779,10548
719,30,Female,Urban,109,6,62838,31170,19450,12100,118
720,67,Male,Rural,268,7,50465,20461,13300,15162,1542
721,45,Male,Urban,240,8,50787,2439,27596,1325,19427
722,37,Male,Urban,301,5,39209,7804,19064,11369,972
723,45,Male,Metro,90,8,28908,13212,4441,10340,915
724,25,Male,Rural,103,5,62064,21653,13011,13408,6621
725,58,Female,Urban,250,9,87800,21971,19332,18072,16970
726,56,Male,Rural,8,11,86140,1989,20115,19369,14530
727,18,Male,Urban,153,8,34783,7868,1101,18460,7354
728,20,Male,Urban,347,6,74356,33712,21868,1461,13761
729,30,Male,Urban,174,11,50282,24604,9229,9594,4591
730,45,Female,Metro,343,7,61768,22135,20615,72,18946
731,66,Female,Metro,158,10,68035,30544,13615,6030,8464
732,42,Female,Metro,215,8,91141,37918,14732,19180,19311
733,50,Female,Rural,177,9,76481,30847,25367,7717,12550
734,55,Male,Rural,175,7,74162,10680,12366,13331,14351
735,23,Female,Metro,340,7,58279,30083,9970,13936,4290
736,61,Male,Rural,338,12,72748,34433,12992,18877,6446
737,62,Male,Urban,146,3,82673,26309,981,3576,13432
738,49,Male,Urban,324,6,52940,10349,25841,8100,1522
739,62,Male,Urban,161,9,87796,9543,21554,13612,561
740,64,Male,Metro,127,8,44047,9460,25319,5728,3540
741,38,Female,Rural,82,8,63043,34553,16130,32,12328
742,33,Female,Metro,147,7,59705,28525,18815,10886,1479
743,38,Female,Rural,239,9,43278,5948,8566,14078,6677
744,28,Female,Urban,84,11,62789,14498,26329,4373,17589
745,54,Male,Metro,113,8,63898,18991,6349,14468,8848
746,53,Female,Rural,225,7,75265,24974,20281,13037,16973
747,52,Male,Rural,332,8,78874,35398,10728,19982,12766
748,36,Female,Urban,243,15,43189,7660,7548,14461,13520
749,37,Male,Metro,143,14,58955,26245,18375,2392,11943
750,35,Male,Metro,41,10,99679,238,19312,11063,10292
751,64,Female,Metro,258,6,70871,19920,21814,19061,10076
752,58,Male,Urban,285,13,56499,9338,3446,17785,16017
753,66,Male,Metro,105,4,42980,10349,23159,817,8655
754,31,Female,Urban,202,4,51958,11643,25167,6203,8945
755,32,Male,Urban,307,7,61031,28274,21545,2438,8774
756,48,Female,Urban,331,10,72532,39913,12820,17594,2205
757,18,Female,Rural,266,13,76565,38629,18953,6641,12342
758,20,Female,Metro,210,6,65057,16632,2872,16983,4027
759,33,Male,Metro,51,10,79609,27144,9368,14026,16327
760,40,Male,Urban,118,5,77907,12321,1335,18230,7188
761,28,Male,Urban,201,11,84130,37091,5413,18271,2808
762,29,Female,Metro,39,6,89439,29256,29269,17063,13851
763,27,Male,Urban,28,8,74971,23485,16496,19636,15354
764,49,Female,Metro,259,4,39909,2860,20156,1835,15058
765,33,Female,Rural,84,8,55184,14919,13423,12222,14620
766,25,Male,Urban,155,9,60795,33337,5294,2177,19987
767,55,Female,Metro,117,11,60478,8411,10037,8142,3913
768,29,Male,Urban,2,8,79872,9586,29997,148,17803
769,41,Male,Metro,93,8,58277,24312,1987,17879,2167
770,45,Male,Metro,166,9,86379,23055,4829,13105,2144
771,25,Male,Urban,350,13,60613,34890,18369,1744,2167
772,45,Male,Rural,296,10,68073,28807,27868,1646,9752
773,53,Female,Metro,258,9,60565,20384,11434,19379,9368
774,43,Female,Metro,81,8,77814,28925,21475,9864,17550
775,25,Female,Metro,268,7,34878,3089,14548,13666,3575
776,67,Male,Rural,235,12,53770,14242,16636,3667,19225
777,45,Male,Rural,321,2,99891,39978,24699,16960,18254
778,45,Male,Urban,311,6,88943,16433,9428,11287,19270
779,54,Female,Rural,301,6,83134,33282,17007,16302,16543
780,58,Male,Urban,357,6,34392,10983,3156,13010,7243
781,53,Female,Urban,213,13,95242,4671,11328,4779,12926
782,44,Female,Rural,62,6,36764,24133,3389,8187,1055
783,34,Male,Urban,49,6,54968,414,19801,13029,16717
784,26,Male,Rural,127,9,70425,21242,26231,2972,19980
785,50,Female,Urban,223,8,72154,35184,9458,18429,9083
786,37,Male,Rural,279,14,53826,38379,2945,11140,1362
787,30,Female,Rural,294,6,43519,15231,9352,18011,925
788,45,Male,Urban,284,4,66009,21849,10486,14847,18827
789,65,Male,Metro,277,9,79461,31676,8632,14423,16321
790,46,Female,Urban,107,7,72011,22056,2092,1488,10769
791,30,Male,Rural,146,8,52143,19947,19089,9127,3980
792,63,Female,Metro,99,8,76422,26040,3759,19947,7260
793,52,Male,Urban,73,10,78001,25282,5112,9906,16151
794,23,Female,Urban,122,6,77757,26201,16937,1802,10597
795,35,Female,Urban,30,4,28783,6833,4904,15627,1419
796,68,Male,Metro,188,10,49052,4752,13258,19975,11067
797,22,Female,Rural,364,10,71112,24507,1112,3520,59
798,64,Male,Urban,354,5,31366,20169,2777,5896,2524
799,42,Male,Urban,288,7,93211,24930,23481,15244,1578
800,19,Male,Urban,195,8,36519,5023,15587,3311,12598
801,27,Female,Urban,156,4,82256,982,10025,18689,14527
802,47,Female,Urban,172,7,50017,14305,1314,18351,16047
803,67,Male,Rural,335,12,69812,16146,19877,8009,707
804,62,Male,Rural,41,8,56098,11201,27714,11906,5277
805,22,Female,Urban,63,6,97171,16910,13562,12227,1780
806,50,Male,Metro,23,5,90716,23031,11304,5462,13811
807,18,Male,Rural,360,8,80167,23636,24674,13060,18797
808,35,Female,Metro,75,9,67863,17314,23857,3458,13145
809,49,Male,Rural,48,4,52739,27332,7015,3730,14662
810,64,Female,Urban,160,9,77202,18330,12117,7547,18545
811,66,Male,Rural,313,6,53178,15365,26055,27,11731
812,28,Female,Urban,118,11,86666,10108,5710,15508,8800
813,38,Male,Rural,100,9,52515,3360,12588,19875,16692
814,43,Male,Urban,167,8,50057,3625,17606,6423,5439
815,42,Female,Urban,290,8,75964,38237,20967,12453,4307
816,39,Male,Urban,156,7,43048,1223,21904,17557,2364
817,44,Female,Urban,7,7,97424,39878,24256,16722,16568
818,66,Male,Metro,196,7,49321,9157,25580,9260,5324
819,30,Female,Urban,56,7,84156,37760,25052,15861,5483
820,50,Female,Metro,321,12,62340,13646,29817,17225,245
821,51,Female,Metro,193,11,80199,29024,15436,12476,8430
822,58,Female,Urban,47,7,47723,4787,21815,12938,8183
823,52,Male,Metro,148,4,89388,23202,25711,16677,5924
824,18,Male,Rural,275,14,86924,36067,15196,10049,16903
825,38,Female,Urban,157,10,68724,9360,27432,18031,13901
826,65,Female,Metro,202,11,60302,32692,18089,5614,3907
827,23,Female,Urban,126,5,68079,39219,16901,11683,276
828,45,Male,Urban,305,13,78891,12941,17604,11687,5101
829,34,Male,Urban,294,8,68770,15993,2506,3801,14537
830,22,Male,Metro,64,5,56110,14620,20709,8280,12501
831,48,Male,Rural,325,7,57939,20193,25767,7376,4603
832,22,Female,Rural,176,8,59803,21248,12072,10148,16335
833,55,Female,Metro,116,10,51526,5027,16136,14060,13386
834,20,Female,Urban,204,5,39939,4260,14343,17283,4053
835,40,Male,Metro,321,5,91349,37596,27819,19861,6073
836,54,Male,Metro,31,4,53834,9012,26553,1744,16525
837,54,Male,Metro,113,5,69464,25823,5479,18637,10561
838,27,Female,Urban,325,12,60998,8315,10434,11853,18101
839,27,Female,Metro,344,2,63862,12631,23820,14663,12748
840,36,Male,Urban,67,7,30294,18258,3090,1633,7313
841,34,Female,Metro,75,9,45459,25099,6497,8149,5714
842,38,Male,Rural,45,9,93808,35891,26463,14671,16783
843,31,Male,Metro,260,7,91506,36992,21552,4701,9526
844,26,Female,Metro,154,10,92280,31376,29135,13349,13582
845,63,Male,Rural,155,8,38739,10977,14691,1013,10815
846,18,Female,Urban,363,10,63726,26694,6993,16279,13760
847,68,Male,Urban,234,10,44505,33978,973,3299,6255
848,62,Female,Metro,51,3,49007,9218,21661,1506,16622
849,30,Female,Rural,306,4,38063,21788,8257,4803,3215
850,21,Female,Urban,262,7,69040,20501,6092,17361,7541
851,18,Male,Metro,315,7,57795,12453,2906,18201,3647
852,66,Male,Rural,125,8,63335,38197,570,14760,9808
853,57,Female,Urban,245,4,95279,15210,12084,10826,18813
854,49,Female,Urban,30,9,95430,8689,307,13821,3652
855,51,Male,Rural,122,13,97531,27381,27984,13007,14028
856,45,Male,Rural,125,8,62839,29508,3742,15786,13803
857,48,Male,Rural,37,9,45563,21142,8974,9140,6307
858,25,Female,Rural,170,10,63768,8916,28792,6798,19262
859,56,Male,Metro,124,5,89636,375,765,16857,1535
860,43,Male,Rural,357,6,74999,31449,28051,567,14932
861,51,Female,Urban,35,5,89517,23797,8964,11624,15749
862,20,Male,Urban,87,10,66282,20782,24198,12215,8727
863,67,Male,Metro,134,7,99244,27028,28433,7966,17332
864,29,Male,Urban,196,9,61360,20243,7735,18642,10834
865,18,Female,Urban,274,11,62914,29379,16202,8120,9213
866,61,Female,Rural,201,7,83927,37780,14431,16279,15437
867,22,Female,Urban,285,8,54856,30740,11377,11336,1403
868,47,Female,Metro,77,9,57463,19984,13274,4310,19895
869,47,Female,Rural,59,9,85874,50,14297,13187,19319
870,34,Female,Rural,126,5,51300,6590,8036,14089,7506
871,65,Female,Metro,109,10,32331,15162,7596,1982,7591
872,64,Male,Rural,224,8,92071,13105,16923,1096,12996
873,40,Male,Rural,278,11,80510,37499,24369,13582,5060
874,32,Female,Metro,68,8,78361,36641,2049,19954,19717
875,54,Male,Rural,69,5,52854,11628,19667,6497,15062
876,38,Male,Metro,165,9,58338,38516,4675,13545,1602
877,31,Female,Metro,305,9,48338,21621,1663,11582,13472
878,19,Male,Urban,162,9,50079,1476,6476,15378,2196
879,28,Male,Urban,342,5,83366,35788,25623,10864,11091
880,68,Male,Rural,309,10,70308,24437,12028,18803,15040
881,56,Male,Rural,343,10,76697,26240,19823,4279,16494
882,55,Male,Metro,42,9,90117,10922,15077,17057,16016
883,51,Female,Rural,354,8,98813,8066,25081,19186,6023
884,55,Female,Metro,109,8,87936,12089,7143,7312,3867
885,67,Female,Metro,51,10,77955,32600,19631,15440,9569
886,51,Male,Rural,250,10,41565,8167,19884,2369,7641
887,35,Female,Metro,341,3,35922,12816,1910,16192,5004
888,47,Male,Urban,21,14,67470,21164,732,17450,9963
889,32,Male,Rural,300,11,87916,20429,19897,5432,13796
890,44,Male,Urban,139,8,80552,35001,26147,687,8204
891,68,Male,Rural,359,8,56276,31415,4609,13175,7077
892,51,Female,Metro,324,8,31845,8117,11134,68,12526
893,69,Female,Rural,92,9,91488,6359,4456,10295,3261
894,55,Male,Urban,280,12,65081,14364,26897,6774,17046
895,50,Female,Metro,125,13,82257,36965,14512,16803,13397
896,41,Male,Rural,111,11,47709,28794,3335,12190,3390
897,32,Female,Rural,354,7,56029,10293,15545,10789,19402
898,47,Female,Rural,139,7,49708,9332,12814,6891,15299
899,59,Male,Urban,273,5,44614,615,24552,10316,1902
900,68,Female,Urban,99,6,36608,12401,7056,439,16712
901,34,Male,Rural,252,3,85545,29372,28950,17592,9631
902,22,Female,Metro,338,9,39601,2339,2753,18947,15562
903,46,Male,Metro,104,13,38624,16246,1372,7466,13540
904,21,Male,Urban,214,7,70393,8109,14234,17637,3846
905,27,Female,Metro,249,7,48962,23758,9636,3209,12359
906,34,Female,Urban,152,11,76400,23091,3376,3549,16608
907,27,Male,Rural,250,6,65512,13317,8481,16998,2520
908,34,Female,Urban,275,9,99026,16762,10257,3078,8064
909,37,Female,Urban,165,13,76656,3465,16447,3490,18791
910,41,Male,Rural,341,11,86759,25622,20329,3543,6683
911,22,Male,Metro,8,11,98686,6800,16713,18284,17194
912,51,Female,Urban,284,8,50265,35539,4858,6751,3117
913,23,Male,Urban,5,12,85508,36651,18347,14906,15604
914,19,Male,Rural,145,12,69089,2600,19472,18096,19674
915,30,Male,Metro,101,15,59587,5518,27066,14425,12578
916,60,Female,Urban,164,4,60789,19627,16524,18713,2251
917,60,Female,Rural,147,6,70925,29369,13619,11811,13513
918,65,Male,Urban,64,5,58223,31445,4539,17578,4661
919,28,Female,Rural,91,8,88486,16689,18857,6781,14103
920,68,Male,Metro,117,10,77625,15923,5594,17762,6421
921,64,Female,Metro,354,7,77371,38469,3903,15563,19436
922,40,Male,Metro,267,7,55489,30403,5364,14797,4925
923,33,Male,Metro,310,3,39090,958,449,17133,12202
924,48,Female,Urban,173,10,32885,3538,26401,300,2646
925,28,Male,Urban,47,9,95978,23404,20830,4695,19290
926,33,Female,Metro,140,8,61365,9983,21078,12174,18130
927,25,Female,Metro,246,9,60708,35371,4806,16222,4309
928,21,Male,Metro,149,7,59004,24642,869,16661,16832
929,57,Male,Urban,246,7,79303,13467,6079,10750,19396
930,21,Female,Metro,5,10,66994,205,29856,7307,17952
931,42,Male,Metro,184,6,73136,27409,7307,18545,19875
932,20,Male,Metro,20,6,67067,12442,28140,13818,12667
933,49,Male,Rural,46,8,78982,26290,3659,1389,7310
934,20,Male,Metro,12,11,53559,26108,3602,8882,14967
935,44,Male,Rural,70,8,43967,5691,8584,19852,9239
936,46,Female,Rural,17,11,81454,38909,25417,10040,7088
937,49,Female,Metro,147,8,57299,19504,18832,6141,12822
938,67,Male,Rural,154,10,75105,30162,14385,13110,17448
939,68,Male,Metro,304,6,60269,39496,10983,5969,3821
940,36,Male,Urban,108,8,83386,38798,29990,13162,1436
941,38,Female,Urban,236,7,67555,21551,23976,9131,12897
942,22,Male,Urban,308,7,56624,13383,19337,5037,18867
943,35,Female,Urban,352,3,55918,16496,5131,14693,7719
944,45,Female,Rural,70,11,15691,9088,1358,2451,2794
945,59,Female,Metro,183,7,64562,27444,25566,24,11528
946,39,Male,Metro,250,6,87900,24734,25614,5962,10082
947,38,Female,Metro,228,11,74748,34571,24603,2556,13018
948,23,Male,Urban,102,2,77111,26415,16771,16444,17481
949,18,Female,Urban,75,7,96146,15389,13603,7675,18022
950,22,Male,Metro,216,9,76080,27744,16246,16506,15584
951,58,Female,Urban,203,8,70535,18682,17216,5616,9850
952,29,Male,Metro,192,12,87570,34310,8441,10294,8455
953,43,Female,Metro,249,6,46232,7259,10219,17570,11184
954,63,Male,Metro,242,13,49483,12546,9720,14010,13207
955,51,Male,Metro,179,11,83168,2154,20577,13394,160
956,66,Male,Metro,219,12,45328,8766,18222,9922,8418
957,31,Male,Metro,82,4,31952,11230,9552,4089,7081
958,43,Female,Metro,92,14,74511,17765,29734,14448,4412
959,62,Female,Urban,175,4,54009,5902,11301,2472,10114
960,44,Male,Metro,239,12,87850,1222,9515,10469,19541
961,26,Female,Metro,260,5,80024,27050,26802,7450,18722
962,43,Male,Urban,163,6,83474,34269,28256,2964,17985
963,64,Male,Urban,48,12,27761,9050,891,8104,5888
964,39,Female,Urban,329,9,65435,3574,21972,17694,3718
965,64,Male,Metro,328,10,67012,36497,17689,2212,10614
966,47,Male,Rural,116,9,54005,11157,15085,9454,18309
967,60,Female,Rural,337,8,73502,19575,21667,6792,19299
968,65,Male,Urban,337,11,73123,17945,20932,9554,8443
969,34,Male,Rural,225,7,47742,14962,4192,8703,19885
970,43,Male,Urban,352,10,79840,35290,16128,13219,15203
971,53,Male,Metro,328,7,89763,35159,22836,15399,16369
972,18,Female,Rural,147,16,97666,24852,24837,18229,7274
973,25,Female,Metro,63,7,83597,30684,18724,7660,15759
974,66,Female,Rural,294,12,88829,11796,18177,1702,17986
975,52,Male,Metro,323,5,84993,24450,26872,16774,16897
976,69,Male,Rural,325,7,93856,34846,26868,17038,15104
977,32,Female,Metro,13,11,60810,17504,22778,4271,8633
978,64,Male,Metro,189,8,65482,30041,10362,8955,8192
979,39,Male,Rural,287,11,70192,10715,16708,19784,6501
980,31,Male,Metro,208,6,88154,21803,9177,11459,17286
981,43,Male,Metro,114,9,87066,3370,24232,6674,5719
982,45,Female,Metro,22,7,88408,1908,24498,17469,9412
983,40,Female,Rural,349,5,65128,37075,6644,5446,15963
984,31,Female,Rural,214,8,46584,21134,4782,1963,18705
985,41,Male,Metro,171,4,42847,3587,28428,9977,855
986,19,Female,Metro,323,4,67821,30023,26315,10466,1017
987,62,Female,Rural,54,4,40909,2413,10052,5177,5279
988,43,Male,Rural,298,12,66131,25038,19521,11160,10412
989,31,Male,Metro,320,6,50029,22555,3898,4572,7712
990,68,Female,Metro,126,9,51531,10952,17219,7543,15817
991,24,Female,Metro,277,8,37734,3457,4154,8907,6624
992,20,Female,Urban,204,4,44447,8464,2778,16626,16579
993,64,Female,Rural,194,10,75354,1150,13809,6510,15131
994,40,Male,Urban,169,13,80151,32264,25972,17221,4694
995,63,Female,Rural,152,7,67786,32786,6409,3323,14047
996,60,Female,Rural,35,6,60048,9808,26252,19337,4651
997,64,Male,Rural,184,11,73131,38345,12523,9537,12726
998,62,Female,Rural,286,6,83673,4081,4313,10615,19081
999,35,Male,Rural,57,8,98639,39222,22030,1432,11299
1000,55,Male,Rural,222,6,60442,8933,26413,7655,17441
