CustomerID,Age,Gender,Region,Recency,Frequency,Monetary,Electronics_Spend,Fashion_Spend,Grocery_Spend,Lifestyle_Spend,Cluster,PCA1,PCA2
1,56,Male,Metro,261,5,53452,1868,2671,7608,8431,1,-1.4968322943888146,-0.7061888812292912
2,69,Male,Urban,261,12,52746,19728,10971,13717,8330,0,-1.4361295270273005,1.75454385182439
3,46,Male,Metro,350,6,97059,38006,14970,11864,11385,1,0.0011999170751206157,0.32371151149573973
4,32,Female,Urban,352,6,57955,28029,6387,11214,8611,4,-0.9495321710258923,-0.16604627516262857
5,60,Male,Metro,8,4,73438,39857,6833,12876,13872,3,0.36254094789159536,-1.7959445888824574
6,25,Male,Rural,320,11,83646,28183,19008,18055,16687,0,0.7458195958620764,1.592922878376636
7,38,Male,Urban,138,8,73657,22785,21883,916,2162,2,0.7035507849790561,-0.11802089667863505
8,56,Female,Rural,38,10,35265,18940,514,9325,6486,3,-0.5922476825995793,-0.0621034297619831
9,36,Female,Urban,111,5,41768,5280,206,18220,4102,3,-0.45351683396020676,-1.5645860206329756
10,40,Male,Rural,220,0,72429,37012,947,18522,15948,1,-0.43530891055440724,-2.4957701369047176
11,28,Male,Metro,337,4,27222,2164,10633,4007,10418,4,-1.9887108517262406,-1.2334486091958259
12,28,Male,Metro,223,4,90934,27188,15380,18289,1168,2,0.9074174939773697,-1.0496588946217495
13,41,Male,Metro,136,9,99622,14088,18212,3485,415,2,1.6212951871545824,0.49105017406365853
14,53,Female,Urban,256,7,76600,18405,28174,19116,10905,1,-0.39123941430682263,0.15245544717326512
15,57,Female,Rural,360,11,34075,2821,6861,10961,13432,0,-2.310031794377864,1.5203250095451812
16,41,Female,Metro,329,8,53627,22516,6094,17705,5243,4,-1.1332795687233435,0.45012588402746184
17,20,Female,Rural,49,12,45259,10473,6345,11908,16533,0,1.0507644955495083,0.4620515823295477
18,39,Male,Rural,292,10,93890,38737,18551,3354,5899,0,0.7244471009943914,1.3609066891312143
19,19,Male,Metro,324,4,49469,12178,13960,13509,838,4,-0.8215877959283662,-1.1382376534979162
20,41,Male,Metro,78,3,88073,38936,24363,7101,6144,2,1.0719064910032117,-1.8721619824761857
21,61,Female,Rural,105,5,63959,27018,22310,4743,9888,3,-0.45408947437959835,-1.1673605967278324
22,47,Male,Metro,169,10,52408,17097,6532,8951,12531,0,-0.3757763417274433,0.541324791741841
23,55,Female,Metro,217,5,91941,14096,22040,7014,15935,1,0.15342145465396834,-0.5068345281291465
24,19,Female,Metro,119,4,56792,39971,5943,3412,7466,4,0.5338141256190572,-1.8611826024479055
25,38,Male,Urban,190,10,50950,3545,14569,17741,15095,0,-0.24135954741006665,0.5355238014171857
26,50,Male,Rural,255,6,65704,24798,9848,19865,11193,1,-0.7516857899773547,-0.32023100697964646
27,29,Male,Rural,266,10,36416,863,8793,9140,1320,4,-0.8697299010209173,0.6145417289084799
28,39,Female,Urban,149,11,73439,16148,5439,10271,13264,0,0.8257062811363286,0.9430298510181531
29,61,Male,Rural,164,5,76673,21009,25287,18150,12227,1,-0.31175558519432195,-0.8137067286809408
30,42,Female,Metro,140,8,73588,17809,29653,8219,17907,2,0.557664021493409,-0.07854113098551718
31,66,Male,Rural,347,6,80324,18688,1203,7163,5234,1,-1.2477291742705041,0.3097109545238734
32,44,Female,Metro,258,9,38577,653,23384,2470,12070,4,-1.3212198632648418,0.3887788948993375
33,59,Female,Urban,269,11,96049,8129,9583,10730,6144,0,0.33473252452688895,1.7924255460383838
34,45,Male,Metro,181,13,86078,26418,14411,16543,552,0,1.057947493286184,1.914819695629682
35,33,Female,Rural,160,4,86531,23118,27272,19276,16865,2,0.9190086099502625,-1.2966835063945004
36,32,Female,Rural,351,8,60784,443,23023,4113,15969,4,-0.6947210194529703,0.5328241438050885
37,64,Male,Rural,288,5,65127,27041,24073,13414,599,1,-1.486811760575416,-0.42201362561072325
38,68,Female,Urban,288,11,74538,23843,27848,7749,15098,0,-0.8379227699980476,1.7277086947858518
39,61,Male,Urban,226,8,61301,21053,13117,11914,14800,1,-0.9725318962647604,0.28814111397923925
40,69,Female,Rural,11,3,79108,30848,23897,15007,9356,3,0.17761533353016182,-1.9931919540949676
41,20,Male,Metro,10,10,85677,37874,23010,11923,12870,2,2.5626234055635977,0.0328819407536952
42,54,Male,Urban,271,12,76667,37204,7386,13042,12424,0,-0.13230151023403314,1.9067751057472586
43,68,Female,Rural,273,7,90627,35807,3131,17954,1982,1,-0.47575915395956647,0.4776636690183392
44,24,Female,Rural,183,8,91381,28213,23518,13181,18018,2,1.5650831614774057,0.11715081376791323
45,38,Female,Urban,153,2,91027,8291,20114,12130,7830,2,0.8040171305573208,-1.9141195394320847
46,26,Female,Urban,315,6,56372,16285,19050,3405,2997,4,-0.6101157954228684,-0.37366484239708836
47,56,Female,Urban,334,2,71751,26886,16933,10862,17070,1,-1.4502595071719013,-1.2558310497714933
48,35,Male,Metro,124,11,95176,13944,21125,15249,11606,2,1.872512126481795,1.0272052494451647
49,21,Female,Metro,114,11,78761,35505,28558,12939,1759,2,1.800762207643217,0.7137833939600716
50,42,Male,Rural,278,8,61958,23340,17628,13967,7023,4,-0.5954453324243236,0.34230910413145604
51,31,Male,Urban,213,14,61843,30025,12078,5848,13892,0,0.5554176529803642,2.024917488146598
52,67,Female,Metro,172,13,47684,1607,20396,6817,18864,0,-1.003426337856323,1.6810078327165803
53,26,Male,Urban,288,2,63498,2953,27125,18011,15409,4,-0.5059813416527934,-1.7582792671228065
54,43,Male,Rural,174,12,92291,5933,27780,6143,9529,0,1.310878282219683,1.5950243163721398
55,19,Male,Metro,113,7,60486,11386,25421,14509,114,2,0.9202698376704204,-0.8357229957991701
56,37,Male,Metro,122,9,66552,4682,22580,10058,12149,2,0.6406962626834113,0.07952953016114468
57,45,Female,Metro,32,6,74844,11154,20929,8396,16952,2,0.9308388396620936,-1.1356255524613343
58,64,Male,Rural,222,8,42724,9047,6205,11771,15701,3,-1.718109022017155,0.11445864659707512
59,24,Female,Urban,119,9,61584,22993,23574,5272,9745,2,0.9096611341001688,-0.08621011534052973
60,61,Female,Metro,39,7,49012,10338,24619,11366,2689,3,-0.4914796642860717,-0.895130771829182
61,25,Male,Rural,268,8,63340,14323,13869,15424,19724,4,0.07167652679802726,0.17939830385484343
62,64,Female,Urban,233,6,54767,37693,658,13428,2988,1,-1.491969377783581,-0.39955544350476935
63,52,Female,Rural,18,7,72208,23634,29399,16024,3151,3,0.7523616431404623,-0.8216177057730959
64,31,Female,Urban,149,10,82098,26292,23379,3747,11719,2,1.3283300710562769,0.6257987290524835
65,34,Male,Rural,149,9,77888,38551,14382,9297,15658,2,1.0036047324573039,0.27126766363317806
66,53,Female,Urban,126,9,43045,9917,12122,1607,19399,3,-0.756046768427419,-0.0062502919679166755
67,67,Female,Metro,302,2,48419,10145,11059,16450,9013,1,-2.4829511156003687,-1.5199831831062354
68,57,Female,Urban,360,6,64932,29717,13335,15535,6345,1,-1.5712251041608611,0.13602213305774755
69,21,Male,Rural,238,9,72870,39491,22160,7645,3574,4,0.7805511672430911,0.4617616996596155
70,19,Female,Rural,135,4,55890,16905,21677,9470,7838,4,0.41615619200045695,-1.8080035011368685
71,23,Male,Urban,151,13,80646,30273,28223,4158,17992,0,1.7528040530272375,1.566925443309104
72,59,Male,Metro,236,8,81996,26234,29814,9005,16943,1,-0.21603022790284326,0.513993195933748
73,21,Male,Metro,224,11,70822,13349,27358,16786,13329,0,0.9294400090056181,1.0623204706410252
74,46,Male,Urban,203,6,74883,1002,18075,7925,14823,1,-0.012122074054477613,-0.46409895352194547
75,35,Male,Urban,256,8,68656,39034,10417,13640,5565,4,-0.005296505373436431,0.2660925852933872
76,43,Male,Rural,86,7,52432,32573,11258,4166,4435,3,-0.021685162288823483,-0.8251094617705858
77,61,Female,Metro,150,11,91576,27803,10139,19309,5650,0,0.7417686198759946,1.3032745301627402
78,51,Male,Urban,235,8,89078,11330,9557,15076,18265,1,0.3092019527412783,0.5148742164209221
79,27,Female,Metro,345,11,74844,26504,7735,19377,7436,0,0.2300437267573381,1.6196016529768142
80,53,Female,Urban,22,2,47480,14980,19514,9278,3708,3,-0.5600722092280154,-2.728300062686488
81,31,Male,Urban,348,5,45667,7017,23428,771,14451,4,-1.4103723805146093,-0.6478368173483056
82,48,Female,Metro,285,5,97226,16011,20917,11440,1709,1,0.2132468135389225,-0.24796047346635783
83,65,Female,Urban,269,6,58052,18001,21931,8167,9953,1,-1.5989786648556539,-0.21959953186098902
84,32,Female,Urban,258,12,70939,17044,29097,1556,1692,0,0.461337501126059,1.621889901509309
85,25,Female,Rural,29,5,82316,38292,17351,11150,15523,2,1.8050617808929001,-1.5733563624686702
86,31,Male,Urban,213,7,38511,5250,17788,1151,14322,4,-0.8002255103235538,-0.566622627752998
87,40,Female,Urban,283,7,75388,23289,25061,17601,9437,1,-0.14720564486619622,0.1399328424467545
88,57,Male,Urban,50,13,63969,33087,9947,12534,125,0,0.5635228753916703,1.2869143596136061
89,38,Female,Rural,95,9,46943,10416,15544,8039,12944,3,0.046978507204521965,-0.2096723957022648
90,33,Female,Metro,88,8,90244,25159,20014,18426,1199,2,1.7317573662677435,-0.18946870245174396
91,62,Male,Rural,44,8,71914,36368,14795,14659,6092,3,0.345310895243793,-0.3052055771991017
92,35,Female,Rural,278,4,80544,5279,19352,6303,16375,1,0.008803071795430835,-0.8817518219084001
93,64,Female,Metro,171,10,70574,25157,23653,19053,2711,0,-0.2980618602543424,0.8652284718419219
94,41,Female,Rural,189,13,44752,15494,1579,18497,9182,0,-0.33645267619855385,1.5075073225422306
95,43,Male,Metro,353,6,45533,25574,10987,2977,5995,4,-1.7661525534362474,-0.19507806722856413
96,42,Female,Rural,184,9,52048,25333,5992,12541,8182,4,-0.3766262960099456,0.21796716104863917
97,62,Male,Metro,3,9,39024,33050,50,422,5502,3,-0.5437742591346322,-0.4497666436618375
98,58,Female,Urban,191,9,96773,32263,6452,11985,12920,1,0.6616927161281351,0.8140361643017138
99,46,Male,Rural,118,3,88346,32539,5153,16474,18882,2,0.702634226132742,-1.6738793664392844
100,32,Male,Rural,19,8,46202,14030,26235,3372,2565,3,0.5505237726963712,-0.8977204699742863
101,62,Female,Rural,23,9,64933,22721,15340,16083,10789,3,0.280365470465825,-0.11772370478053555
102,18,Female,Rural,30,7,53813,5166,13900,1942,5024,2,1.1560141777240716,-1.2311977682023767
103,42,Male,Urban,295,6,75005,7121,22407,9950,1031,1,-0.36521076159333704,-0.13857842138109444
104,24,Male,Rural,108,4,47170,14677,14970,16282,1241,4,0.08084479061606865,-1.9578443610016083
105,26,Female,Urban,281,16,70148,31241,20684,16481,1742,0,0.8052112510262711,3.0046168437372938
106,41,Male,Urban,128,11,26348,16373,2787,1479,5709,3,-0.8203857884660377,0.41524821039902576
107,18,Female,Urban,229,9,87512,21873,13381,4626,14739,2,1.4540447508554448,0.5463854200090879
108,61,Female,Urban,111,7,75860,37664,15589,10777,11830,3,0.08930888324937637,-0.352237332093622
109,25,Female,Metro,136,13,96603,1293,15839,5147,13778,0,2.339567527155467,1.6817045358208353
110,41,Female,Metro,362,4,79478,22443,29204,5443,8160,1,-0.6762110324005607,-0.5179135054399704
111,28,Male,Rural,186,10,54334,39725,2155,79,12375,4,0.23339319151526527,0.47224715076558577
112,68,Female,Metro,144,8,50454,18595,7019,5577,4403,3,-1.1575578086329483,-0.07965052182715489
113,34,Male,Metro,72,8,71069,9740,21744,12901,4897,2,1.0950163323501774,-0.4317557347861823
114,25,Female,Rural,129,5,52925,12559,28922,2223,163,4,0.2164203243777527,-1.4743084047542196
115,52,Male,Rural,364,9,90119,39044,20614,2569,3310,1,-0.30003842087598487,1.3708702873678595
116,52,Female,Rural,261,5,79220,21747,27737,9964,19772,1,-0.43843641229204666,-0.48548244164759635
117,50,Male,Metro,3,6,65310,7973,26190,13768,17379,3,0.5769437267544457,-1.3012169061032912
118,22,Male,Metro,104,8,96797,15333,7607,17507,14991,2,2.2469654527102114,-0.15216928163916985
119,59,Female,Rural,224,5,75567,30129,10928,16249,18261,1,-0.6048202540939083,-0.6081252408266578
120,56,Female,Urban,320,13,37965,37,15657,2623,19648,0,-1.7761077089828734,2.0702962598644183
121,58,Female,Rural,362,11,66491,38758,8598,1403,17732,0,-1.1894206444075048,1.854590362513353
122,45,Female,Urban,354,9,78734,32311,11571,18962,2251,1,-0.42341383963779644,1.163560790426956
123,24,Male,Urban,10,6,86594,38206,20581,16715,11092,2,2.1670958396320525,-1.275627468630834
124,26,Female,Rural,302,9,95890,28207,25960,7485,6590,2,1.100518435973954,0.9765379283659881
125,25,Male,Rural,231,9,68905,33241,16206,11800,7658,4,0.5426678156318706,0.4280755746480467
126,29,Male,Rural,219,3,45884,58,11887,17123,16816,4,-0.796683314469818,-1.8370565474220315
127,51,Female,Metro,66,7,98445,2636,15028,12798,5247,2,1.4722735552193003,-0.3858851885928467
128,50,Male,Urban,112,8,59305,30635,15975,4980,7715,3,-0.07171774182293504,-0.26260064862180393
129,65,Male,Metro,13,8,57306,14834,13839,3878,3817,3,-0.11382119083570844,-0.544593073138249
130,40,Male,Metro,86,7,87940,15577,13919,1949,17454,2,1.3534057391369079,-0.5006301169766557
131,41,Male,Rural,234,6,66267,27190,5412,19844,4600,4,-0.32087296310615804,-0.46903312912227785
132,54,Female,Metro,90,5,40289,7296,4499,18512,9982,3,-0.9921273233520336,-1.5147281060040967
133,52,Female,Rural,314,10,64867,21383,4909,18538,994,0,-0.8667928318408479,1.2664373425136084
134,61,Female,Urban,54,5,70565,24660,23553,17621,4731,3,0.054966645857856544,-1.3002220428305187
135,57,Female,Rural,12,8,35780,2674,15478,9958,7670,3,-0.6162529863205617,-0.8247173504016564
136,39,Male,Metro,209,8,82478,22820,11094,8697,17341,2,0.6089094987772811,0.25202352400163996
137,44,Male,Metro,14,8,69489,19504,26205,15493,8287,2,1.015434566215513,-0.5911605950670837
138,52,Female,Rural,121,6,73883,25666,19646,10033,18538,3,0.18976627488449502,-0.7432679839477114
139,18,Female,Rural,20,8,54279,2076,25602,9586,17015,2,1.2999682745840655,-0.9279150209515388
140,52,Female,Metro,75,7,69060,37555,19373,256,11876,3,0.335553672284973,-0.6315250040618227
141,54,Male,Urban,243,10,80899,32406,29692,1720,17081,0,0.021061008721026335,1.1648162887816729
142,64,Female,Urban,223,7,63094,25784,7654,13241,16415,1,-1.0656304054918937,-0.019057139569880636
143,31,Female,Rural,70,8,69193,21125,15982,16234,15852,2,1.1378465225659666,-0.4822398220643084
144,20,Female,Urban,312,9,62390,23216,18608,7076,13490,4,0.0429644161305836,0.6376508883798991
145,18,Male,Metro,211,8,30974,2581,21760,1071,5562,4,-0.5549441358235458,-0.4162392751586147
146,22,Male,Rural,101,6,69079,15600,2920,1622,8740,2,1.1193992190885298,-1.1110244769957822
147,43,Male,Metro,186,9,58683,30284,24085,2066,2248,0,-0.18212689689882477,0.298995741739555
148,31,Male,Metro,132,7,95369,20171,22925,8642,6192,2,1.6738510583236759,-0.32220145995686167
149,56,Male,Urban,111,8,76569,25091,5615,897,9895,3,0.3546459545328755,-0.04829655232401995
150,44,Male,Rural,132,11,54952,14333,4315,8273,6406,0,0.08625714410423477,0.7360259711911056
151,26,Male,Rural,20,7,59956,30535,22484,5781,1156,2,1.1644674067387635,-1.1448266183910896
152,32,Male,Urban,24,9,63887,23487,12460,13622,14318,2,1.2330956888771156,-0.36714050432161605
153,32,Female,Metro,227,8,35006,10404,2783,13284,8535,4,-0.959990567248524,-0.20118616831783492
154,43,Female,Metro,154,6,61135,33700,9605,10399,5295,3,-0.14532127344233842,-0.8134369458169062
155,59,Male,Metro,293,6,52983,18047,12789,9883,12264,1,-1.709825997613528,-0.22493566596011247
156,30,Male,Metro,230,14,86687,15577,11840,9371,6154,0,1.3904734677990551,2.3267663542251946
157,68,Female,Rural,310,12,81441,24298,19192,19319,18632,0,-0.6332492066476643,2.218297794084189
158,49,Male,Rural,359,5,38189,15015,3331,10707,9136,4,-2.3349926122786,-0.5328265594396235
159,56,Male,Urban,202,12,65431,25568,18562,8088,13213,0,-0.23463282621565928,1.5450659422050177
160,66,Male,Urban,38,8,68597,26204,17181,13140,12072,3,0.12537666373449458,-0.32864920571503287
161,69,Female,Rural,260,7,69165,31748,2846,16845,10242,1,-1.2106399040185731,0.2245446527793598
162,49,Female,Rural,188,4,41574,26267,929,11093,3285,3,-1.3761509541480321,-1.5000997195132924
163,21,Female,Metro,57,5,76692,21236,4818,16500,9522,2,1.5865880201973446,-1.5524329526846263
164,47,Female,Metro,20,5,59878,32615,19475,5785,2003,3,0.3168635091433572,-1.6504386206939825
165,54,Female,Urban,273,4,31716,1104,2262,6507,19999,4,-2.349134279969041,-1.2268450280182706
166,40,Male,Rural,119,7,63175,17654,25909,5830,9979,2,0.28795038698104214,-0.6159314758355056
167,56,Female,Urban,71,9,44495,3646,25850,4561,10438,3,-0.5104551402864943,-0.1809649233949319
168,62,Male,Rural,4,7,62992,21471,12775,14519,14227,3,0.16402335496387113,-0.8854205160753624
169,32,Male,Metro,221,6,37786,25906,7549,659,3672,4,-0.976014245293135,-0.8721036591728127
170,60,Female,Urban,14,7,66935,21107,19864,18506,7458,3,0.31875534602878797,-0.8241168383405731
171,46,Female,Urban,3,4,82363,14878,19726,11535,18539,2,1.1744185462450367,-1.8410742261410453
172,53,Male,Rural,216,9,75967,9145,22437,14002,3479,1,-0.052979485041746065,0.6660996809410161
173,30,Male,Metro,229,10,79857,23042,23958,17970,14887,0,0.8547357880433185,0.9058810836353224
174,49,Male,Urban,336,11,89867,18226,24243,4682,51,0,0.08752918717248792,1.9104842807636153
175,24,Female,Metro,186,11,40238,2802,9409,15702,2159,4,-0.06628655701117342,0.6388648124921092
176,68,Female,Urban,55,8,49104,24119,9656,10939,4390,3,-0.7318160447001019,-0.43800352999244324
177,39,Female,Metro,254,10,81075,27185,28984,8826,16080,0,0.46658648979567324,1.0876870530414144
178,45,Female,Rural,24,9,31657,6105,4174,19266,2112,3,-0.3561198501178802,-0.5784147285815678
179,19,Female,Urban,162,8,44281,2749,23531,5249,12752,4,0.15098225259747525,-0.4674238481468835
180,59,Male,Urban,158,3,95067,34129,4770,19195,14593,1,0.29948644398786634,-1.3474552676820437
181,62,Female,Metro,82,5,58329,24512,5833,12645,15339,3,-0.5669639899366549,-1.3037424483296833
182,23,Male,Metro,159,7,80752,36541,24589,18268,1354,2,1.2704080494968575,-0.4258928865248754
183,45,Male,Urban,188,7,52211,13495,23386,9710,5620,3,-0.6395069006375781,-0.41557969150593804
184,45,Male,Rural,60,8,55610,2064,18677,8813,3754,3,0.23857059608850514,-0.5410255678801947
185,61,Female,Metro,305,5,61485,30078,2045,12769,16593,1,-1.6086618460274018,-0.4161730179271562
186,61,Female,Metro,319,7,71917,30011,1037,14161,16167,1,-1.1606613145372608,0.415540377860682
187,37,Female,Metro,211,7,76033,5616,6242,9729,237,2,0.35917980575668884,-0.1572094915004301
188,47,Male,Urban,152,7,95576,7975,28704,15680,8527,2,1.0437124130989586,-0.11300875203368366
189,28,Male,Urban,109,7,98911,10960,9651,16147,8075,2,2.0232066199194394,-0.40089294865027864
190,45,Male,Urban,76,10,81046,27992,24832,10262,17960,2,1.2148916896776243,0.44582119273773896
191,42,Male,Urban,30,7,64910,21387,12321,2365,8691,3,0.7581367586212232,-0.9277804051416471
192,56,Male,Rural,314,9,98288,15324,6162,13195,9756,1,0.12708456554928052,1.289641666910896
193,50,Male,Rural,117,7,61972,6243,4073,11037,3540,3,-0.07648488466688445,-0.5544963690330009
194,18,Female,Urban,356,5,91893,32628,17667,11230,9327,4,0.6389830627258719,-0.2680657599732906
195,44,Female,Rural,192,8,56919,9560,16035,17238,10540,3,-0.3845818515931833,-0.024445871264868923
196,69,Female,Metro,19,12,83486,4923,6732,15552,7257,0,0.9576185560580248,1.118149605672461
197,30,Female,Metro,173,4,82288,39235,22329,2728,16533,2,0.7968832611093517,-1.3122560632511806
198,58,Male,Metro,228,9,53831,21325,3487,17299,11720,1,-1.078035546008139,0.5356989528843827
199,20,Male,Urban,350,7,47234,27949,2184,15477,1624,4,-0.8518150482920996,-0.03883746101262749
200,56,Female,Metro,183,9,94812,22821,24934,4938,7661,1,0.700252755317307,0.7475531529842708
201,23,Male,Rural,113,10,53532,6076,28367,131,18958,2,0.7595031976563138,0.14081273358672314
202,25,Female,Urban,183,6,93511,22032,29425,19977,7529,2,1.4605512140343122,-0.5287860538518846
203,44,Female,Rural,146,11,69206,8001,13890,293,13654,0,0.5236939699767669,0.9303216999873973
204,26,Female,Metro,319,6,75900,15303,19571,14727,2108,4,0.0700600578777283,-0.16633909149899517
205,54,Male,Metro,116,9,59967,16457,29075,10488,3947,3,-0.12807305212152054,0.12929417995280726
206,50,Female,Metro,113,9,91216,12303,9417,6846,7899,2,1.1431982403195662,0.3922060276915374
207,68,Female,Urban,251,7,41579,15128,5495,7584,13372,3,-2.120447019967209,-0.089419587195889
208,59,Female,Rural,251,7,58545,18280,18681,16670,4914,1,-1.2122999579634601,0.004324918943920961
209,61,Male,Urban,303,8,76577,39427,14781,8641,6667,1,-0.8340782436902825,0.7367545001792282
210,41,Male,Urban,313,12,75590,31644,7097,11432,2263,0,0.036654211350770245,1.953740207860397
211,32,Female,Metro,118,7,78173,38014,8469,10895,3815,2,1.097543167283894,-0.5372946549780293
212,49,Male,Urban,301,4,77293,6967,12399,5303,577,1,-0.6951646941771504,-0.7110946964673589
213,49,Male,Urban,161,7,67752,6661,26562,19500,15029,3,-0.07012060419624323,-0.3352148097422561
214,41,Male,Metro,198,7,53868,12416,16202,8444,16806,4,-0.5005176325999394,-0.39293182526093356
215,58,Male,Urban,260,7,78865,510,19928,9611,2763,1,-0.49712841323569457,0.23071673729243405
216,69,Male,Metro,148,5,74326,35200,10985,10528,17613,1,-0.5763113112062054,-0.8339942204640111
217,66,Male,Metro,240,7,42001,1906,6831,17619,15645,3,-1.9802987278039497,-0.1441276438109701
218,66,Male,Metro,47,6,62868,25534,16775,999,19560,3,-0.2762370661389141,-1.0249856519841374
219,69,Male,Metro,198,7,36886,16448,968,3760,8945,3,-2.0398072735938113,-0.3329209592169375
220,29,Male,Urban,47,7,69265,37696,10382,4116,17071,2,1.255434777281224,-0.9243949623105076
221,56,Male,Metro,78,11,31378,4710,5151,4411,17106,3,-0.8710883536673937,0.3922936658925494
222,19,Female,Metro,124,10,89912,38892,26804,10362,13854,2,2.140492550092394,0.5084086164913425
223,20,Female,Urban,75,8,83910,15583,10818,11113,17130,2,2.0049374675211094,-0.40740047270088514
224,66,Male,Urban,359,11,51000,17184,27421,3683,2712,0,-1.9954090841625531,1.755601219263178
225,54,Female,Rural,137,7,81337,24853,20748,18645,17091,1,0.37982846357447975,-0.2543299674697899
226,66,Female,Urban,90,11,56639,6109,19691,14982,15857,3,-0.35947602104042586,0.7679585998391717
227,34,Male,Urban,325,4,27930,6659,10792,1853,8626,4,-2.0984625312645035,-1.2244195647860343
228,66,Male,Rural,61,6,54641,1238,27256,13079,13068,3,-0.6463685375033605,-1.0515120742900137
229,19,Male,Urban,138,8,71393,15064,6125,6895,16867,2,1.252790614193799,-0.29417182531068375
230,19,Female,Urban,50,12,69578,31115,4370,19374,14719,2,1.9522171808598405,0.6967044790920004
231,45,Female,Urban,259,6,51258,31952,4838,12935,1533,4,-1.1259938520969075,-0.48712199080201884
232,40,Male,Urban,107,6,50900,5620,16175,12552,16553,3,-0.16298258514740013,-1.120513213258419
233,54,Male,Rural,113,8,92372,34254,24661,16053,17404,2,0.9780439616120516,0.09848376050875957
234,49,Male,Urban,350,10,91485,37449,3134,862,7093,1,-0.0028769366859111483,1.6431816323568595
235,50,Female,Urban,254,9,74229,4470,12691,4527,13156,1,-0.2183321638669821,0.7720688585986604
236,18,Female,Rural,118,13,61912,22003,10431,12247,17231,0,1.421615975898703,1.2144496836012115
237,36,Female,Metro,198,8,70515,27571,11556,17603,13785,2,0.3373483974204025,0.06756175217186652
238,19,Female,Rural,337,11,70675,24668,26621,3795,15591,4,0.38841409969604174,1.4828263552094598
239,61,Male,Metro,51,10,40267,11723,1054,12796,14694,3,-0.6477739912053624,0.07793934320068249
240,43,Male,Rural,245,11,93838,31040,27977,12734,3346,0,0.914196977443884,1.5480385482693073
241,49,Male,Rural,35,13,77126,39945,20113,527,4013,0,1.3815818267350553,1.2931835403555079
242,23,Male,Urban,302,6,41430,32046,2669,2922,31,4,-0.9780322983309441,-0.595143064017432
243,49,Female,Metro,69,12,69659,5441,16659,5849,11156,0,0.8582519124597288,1.0141913297994387
244,21,Female,Urban,349,7,55650,11719,16081,17546,10304,4,-0.577352595928285,0.048052861669315876
245,28,Male,Metro,320,9,75236,5397,12938,12956,7877,4,0.19629148170107713,0.8596569946127807
246,34,Male,Rural,49,5,77067,34389,5717,17230,6170,2,1.2112457533965428,-1.4744604460050115
247,55,Female,Rural,74,8,49264,17945,12282,6959,12078,3,-0.3958689082119627,-0.4680690592828796
248,41,Male,Metro,192,10,42525,22233,14891,3086,2315,0,-0.6542249242206747,0.4848251575666507
249,22,Female,Urban,261,9,37124,17800,9297,9962,65,4,-0.6592692523710953,0.20792445676740412
250,69,Male,Urban,356,2,50478,4190,14201,19667,12420,1,-2.7631019352881965,-1.2741751496900287
251,51,Male,Urban,70,8,87842,37822,16289,15419,18312,2,1.1440051215650107,-0.13704472830836978
252,23,Male,Urban,90,7,85117,1130,24406,3323,7533,2,1.794875451379276,-0.6505607921754463
253,39,Male,Rural,260,4,53104,14071,24384,445,14204,4,-1.013741763471202,-1.1886756545383959
254,28,Male,Rural,126,8,80118,19981,12873,17409,15317,2,1.3314643419900685,-0.1820929176203654
255,65,Male,Rural,231,13,55046,2118,27508,9963,15457,0,-0.9869728167910063,1.9658897594182871
256,33,Male,Rural,295,5,51886,663,16512,17743,16968,4,-0.9709367276470089,-0.7760531823337237
257,50,Female,Rural,129,4,65343,15735,28927,15437,5244,3,-0.24112086030128432,-1.4872945568675306
258,26,Female,Urban,280,9,91627,19158,23461,16855,8154,2,1.0646089246550738,0.849360371947614
259,23,Female,Urban,313,4,94770,31087,20710,16411,18132,4,0.7315888623385316,-0.7035127266442428
260,33,Female,Urban,100,6,91141,22578,19952,10847,18588,2,1.552179011809017,-0.8090881876152203
261,46,Female,Urban,326,8,61558,19874,13448,3236,11822,1,-0.99833352537952,0.5568999911705763
262,20,Male,Rural,297,11,48484,17907,15198,13487,1892,4,-0.22878438193776188,1.1178556769951447
263,37,Male,Rural,182,8,49275,22787,7622,11848,7018,4,-0.37357210065776003,-0.19500897492819505
264,53,Female,Rural,174,4,53561,21705,8080,13155,10621,3,-1.00370291077184,-1.404237635559414
265,36,Male,Metro,316,6,36979,3845,2402,11255,19477,4,-1.6439624628955087,-0.4792707257256173
266,43,Female,Urban,364,9,73551,39069,18031,1979,973,1,-0.5965083812264387,1.1352233066939108
267,20,Female,Urban,188,9,73392,16482,3556,9007,10834,2,1.0989155423431287,0.2649162631720479
268,36,Male,Rural,57,6,72464,35056,28467,2326,6615,2,1.0108212974087887,-1.1349732170486695
269,37,Male,Urban,31,10,36194,26090,2193,2330,4329,3,0.10899144318851096,-0.23403286202644777
270,49,Male,Urban,84,6,33399,20681,10239,1002,1477,3,-0.9677924746171,-1.3086940201115782
271,24,Female,Rural,152,4,68803,32252,19488,9734,7329,2,0.6234968576862417,-1.5747442664248967
272,69,Male,Metro,36,4,89730,7796,20739,6448,6444,3,0.499898266331618,-1.4544402281625115
273,58,Female,Metro,213,8,49003,7263,18518,6837,16385,3,-1.2454699472403343,0.09263387974887534
274,50,Female,Metro,364,9,61997,12777,25418,12396,11406,1,-1.2438686189895394,1.0784374599145672
275,57,Female,Rural,106,10,61087,20343,26547,7354,6843,3,-0.0601891385393276,0.4633028948138165
276,56,Male,Urban,342,13,71229,14862,28936,14251,5972,0,-0.6984167738763676,2.4823394007369526
277,35,Male,Rural,220,11,75760,37649,20287,2529,15295,0,0.6635092143077296,1.2087239921792865
278,57,Female,Rural,163,8,54002,15691,19997,13209,5105,3,-0.7662816200594307,-0.06023572067782271
279,18,Male,Urban,220,11,62356,25028,8583,17814,10931,4,0.7461995216005193,0.9393504799168004
280,28,Male,Metro,270,1,61343,31066,18663,3912,7702,4,-0.6277855951957533,-2.1705195085708575
281,45,Male,Metro,120,14,95871,33181,25476,17916,19298,0,1.8087021762339877,2.1119683253285655
282,42,Female,Rural,336,10,66961,17934,12875,18276,14136,0,-0.5769208980838892,1.2913030556353289
283,67,Female,Metro,182,9,62464,20910,10686,11316,19552,1,-0.8214975463825608,0.5150410974749721
284,40,Male,Rural,106,10,64165,7141,17536,1421,2599,0,0.6145718362086412,0.35582568140217935
285,48,Female,Rural,217,6,33264,16225,1294,13510,2235,3,-1.6481451673416445,-0.8024207323031254
286,47,Male,Urban,205,12,88547,34714,15448,19202,19183,0,0.8784506160742279,1.7108518459112618
287,59,Male,Urban,70,6,63253,21587,25041,11152,5473,3,-0.15264811642347856,-0.9887273609257569
288,52,Male,Urban,44,11,67775,32959,21673,5617,18,0,0.7502943354963352,0.5855715707436421
289,24,Male,Rural,329,7,26595,14175,10367,1195,858,4,-1.6140670917655098,-0.2905900370155527
290,33,Female,Urban,301,7,86311,10051,19629,6229,5380,1,0.381574584341901,0.2603146057391786
291,43,Female,Metro,228,7,54149,5892,22452,5305,3032,4,-0.7166541437663198,-0.257647043477707
292,65,Female,Metro,184,3,43778,3449,13337,8077,18915,3,-1.8805980534928668,-1.7018297470611818
293,69,Male,Rural,107,5,85128,38677,23100,15880,7471,1,0.030189571240398026,-0.8868655485084732
294,66,Male,Rural,84,7,33111,12393,6654,9345,4719,3,-1.4684010585325538,-0.8363318719483835
295,19,Male,Urban,338,14,91710,29190,25063,17226,12943,0,1.3604981747739027,2.7057619900994774
296,18,Female,Rural,250,9,93199,34709,19322,5200,4863,2,1.5464360620437128,0.6836729329847887
297,65,Male,Rural,363,4,64455,31533,19010,9874,4038,1,-2.0177063515713827,-0.4671853366759535
298,29,Female,Metro,21,12,62604,26141,17333,294,18836,2,1.5243441494057728,0.5967623118086256
299,22,Female,Metro,196,9,58625,36989,12693,6097,2846,4,0.45944796006511834,0.16708661296922633
300,54,Female,Urban,178,5,63103,23908,9241,6412,8064,1,-0.6415052236003128,-0.9494199872364015
301,49,Female,Rural,7,5,89319,39311,29778,8836,11394,2,1.377345712186978,-1.3954565343176508
302,26,Female,Rural,70,7,74638,32322,4075,11825,6622,2,1.4254528326593554,-0.806738841482001
303,58,Female,Metro,127,13,73652,14012,12651,6678,12295,0,0.46787555505568323,1.6886905339113987
304,52,Male,Rural,160,10,96436,34889,25966,15735,19846,0,1.087826494061232,0.9794010798159468
305,36,Male,Metro,248,10,44212,17412,9275,5743,11782,4,-0.7260813701214124,0.6780294485786235
306,65,Female,Urban,203,5,61105,30614,12838,16494,1159,1,-1.2115560660417934,-0.7830022201906263
307,33,Female,Metro,148,7,86856,24657,1658,8775,4626,2,1.2164132536415935,-0.3275809428438722
308,20,Male,Rural,143,5,71043,5656,28963,11417,3722,2,0.958599658514704,-1.2825613997623384
309,37,Female,Urban,199,11,37207,8967,6932,9678,11630,0,-0.6758786107410439,0.7648078168913415
310,41,Female,Metro,154,7,60919,19422,14248,4864,19944,3,-0.012775631881958426,-0.4942801035387887
311,50,Male,Metro,142,9,96249,15764,24437,13467,11274,2,1.1694683661878311,0.554089100989865
312,41,Female,Urban,313,7,83055,15873,6959,1648,14888,1,-0.0648325733206836,0.3396667803039754
313,69,Female,Urban,165,8,69416,28949,18201,15677,6589,1,-0.621486293705205,0.19613283146803467
314,28,Female,Metro,314,6,86455,2271,8382,15918,15473,4,0.40948645546769613,-0.06584731548615962
315,66,Male,Rural,21,2,38622,1607,16844,2381,2243,3,-1.304384214989574,-2.713877631737345
316,25,Male,Metro,82,6,68544,19523,24355,16489,8177,2,1.1018590370985706,-1.165649024217724
317,53,Male,Urban,69,6,56494,27990,14999,11745,1760,3,-0.19099147837819658,-1.1075998003702054
318,55,Female,Metro,131,12,85677,3665,22399,5818,16202,0,0.9041607528461865,1.4605353984024048
319,57,Female,Urban,87,5,38012,16308,6376,9886,5442,3,-1.1575001362462591,-1.5244245463959327
320,37,Male,Urban,218,5,44197,5852,18905,381,19059,4,-0.9695993242665928,-1.1177397689350856
321,52,Female,Rural,305,6,28259,5462,3476,4356,14965,4,-2.42959550222586,-0.4779652313080658
322,65,Female,Urban,345,6,60038,31795,19089,5918,3236,1,-1.932603326532374,0.09459389090534326
323,42,Female,Urban,341,9,25563,4270,4366,1316,15611,4,-2.1646023693717447,0.5665739164119336
324,52,Female,Rural,161,12,87491,24491,16206,5454,8235,0,0.9090319649765017,1.570374946696636
325,42,Female,Urban,178,10,90899,36230,25733,13107,15829,2,1.1248896859551785,0.9138006626820053
326,46,Male,Rural,117,5,71585,347,12458,4074,8680,2,0.25372833029352015,-1.1674339259018627
327,35,Female,Rural,196,10,59008,32830,27,14811,11340,0,0.11569433231980789,0.6136370953713326
328,63,Male,Urban,327,12,48836,1783,20615,17290,9148,0,-1.7291401097575443,1.9234447572210547
329,35,Female,Urban,86,4,76893,28390,11164,7621,10306,2,0.9007235809209934,-1.6620833532497545
330,19,Male,Metro,289,8,49510,8417,6548,17046,17499,4,-0.33790020364226403,0.07637393101105708
331,52,Female,Rural,81,8,57503,6566,3024,16126,18165,3,-0.03764160318064944,-0.38430042885999416
332,33,Male,Metro,152,7,88789,17426,29559,8654,11018,2,1.2645369655835037,-0.2930840584838622
333,58,Female,Urban,61,6,63146,30750,1264,12872,18260,3,-0.07534748628542251,-1.032776032637295
334,53,Male,Metro,61,6,48387,10872,9047,17326,11142,3,-0.43958520129595763,-1.2182512686064526
335,50,Female,Rural,354,8,96334,28695,12217,14951,19759,1,-0.031050276869792507,1.0394622225042291
336,21,Male,Metro,28,9,61262,1234,6587,8349,19134,2,1.4825513274363937,-0.46652234414986676
337,50,Female,Rural,43,11,70568,34752,6577,19693,9546,0,0.922329267789766,0.5929273644157135
338,31,Male,Urban,169,11,81291,28832,17635,17710,3276,0,1.26670002707155,1.032900598930147
339,38,Male,Urban,86,6,67008,17978,12796,10909,16832,2,0.5939272917514916,-1.0599182066580572
340,65,Female,Rural,177,8,99417,22641,3870,10760,16008,1,0.5250264671347297,0.5049477129903087
341,37,Female,Urban,17,10,44209,27127,1326,11584,4172,3,0.47150739571419414,-0.2095888335657591
342,25,Male,Urban,98,6,72570,34720,22561,2106,13183,2,1.1612259942225456,-1.0640640886185553
343,24,Female,Urban,198,7,53801,18079,9217,13669,12836,4,0.061267838620148195,-0.5313011549136774
344,20,Male,Urban,98,6,46010,17338,16745,2938,8989,4,0.3730697046070736,-1.365455974432323
345,34,Male,Rural,65,8,43256,3291,17602,2483,19880,3,0.13321007649570757,-0.7320941608897438
346,50,Male,Metro,330,8,82998,8548,605,1375,13740,1,-0.38222543409564286,0.8154092158586222
347,65,Female,Metro,341,13,79196,33736,22343,10015,13102,0,-0.7055856568574828,2.6296246478833014
348,29,Male,Urban,5,5,78061,28022,18054,16628,15357,2,1.6473455340800214,-1.6758075864745645
349,68,Male,Metro,2,9,64427,4234,13003,18732,18566,3,0.17496070056407978,-0.15551630441131362
350,39,Female,Metro,22,8,67882,26720,10489,15060,15613,2,1.0810183691301032,-0.6164292828520188
351,39,Female,Urban,112,11,62724,13368,26770,16863,3326,0,0.6379539096333269,0.6943151447410296
352,63,Female,Urban,57,7,40934,8734,20827,10654,719,3,-0.9439482934821172,-0.8884825310678721
353,47,Female,Metro,66,8,87679,33793,17661,18319,17906,2,1.292214928075324,-0.18655822731691618
354,55,Male,Rural,330,4,96898,12197,16782,14253,1069,1,-0.3445620958203492,-0.35747255604978967
355,55,Male,Urban,98,7,36160,3359,13487,11565,7749,3,-1.0684075594448244,-0.8412057724769617
356,62,Male,Rural,144,8,69603,38025,18556,87,12935,3,-0.2705557963953533,0.05983872640061694
357,68,Male,Metro,125,12,69232,35719,19194,9432,4887,0,-0.08605091187830528,1.3810464504345388
358,25,Female,Urban,167,8,83747,7389,14733,8764,11267,2,1.3429209149096888,-0.011773447966012582
359,44,Male,Rural,86,7,81107,14952,6274,178,18540,2,0.9751978250211989,-0.5353453893006861
360,44,Male,Urban,76,9,75630,29075,22065,16546,7944,2,0.9795952277187998,0.04704141793745396
361,51,Female,Metro,344,9,66428,18939,10844,2640,15934,1,-1.0113148005887427,1.0525132432778685
362,38,Male,Rural,294,10,87843,15624,19323,9197,12747,0,0.5297559759094412,1.3011635790183407
363,47,Male,Metro,59,4,56369,1735,25397,18732,10505,3,-0.09092862289484852,-1.871165713013163
364,50,Male,Metro,138,5,53374,24315,13189,2421,13449,3,-0.6451016168956993,-1.2324845671753069
365,45,Male,Urban,99,10,57394,17422,17328,10947,11697,3,0.2427028466097551,0.3026779654626476
366,64,Male,Rural,192,13,72547,39137,28054,1217,4139,0,-0.11729795037804196,1.9784743398966096
367,50,Male,Metro,243,13,35793,7127,10971,2474,15221,0,-1.244709403000533,1.701794429466926
368,22,Female,Metro,319,7,68963,35680,5965,929,7087,4,0.02754775919424717,0.07059865295251477
369,65,Female,Rural,49,8,91725,12606,12621,7958,632,2,0.9307609037803036,-0.06692060430956791
370,36,Male,Metro,32,6,91674,32743,29715,1502,2199,2,1.8341004744862588,-1.0432169216184373
371,21,Male,Metro,277,10,55326,34010,6348,420,14548,4,0.016448712990936167,0.7781339331013223
372,52,Female,Rural,20,8,80923,15636,24154,13580,11255,2,1.1286964095760466,-0.390778904872844
373,66,Male,Rural,154,5,83965,25348,23483,15840,19294,1,-0.16246434051366623,-0.7403513761832538
374,34,Male,Rural,68,10,61970,10108,29026,5830,17006,2,0.9373322930219858,0.13831823172126476
375,61,Male,Rural,214,13,49584,8098,17580,17833,6073,0,-0.9598445132512683,1.8139194699580128
376,45,Female,Urban,143,3,76331,36180,17596,5811,16744,2,0.17100348036054336,-1.7030626247786864
377,47,Male,Rural,232,10,47861,18883,823,8619,10559,0,-0.8748105735777295,0.7409403202594579
378,46,Female,Urban,213,1,66481,7160,29697,13527,16097,1,-0.7368723722814511,-2.195253337152201
379,63,Male,Urban,79,5,97460,19929,26472,16223,8401,1,0.8215076446179118,-0.9229054706281837
380,23,Female,Urban,214,10,36446,17597,7084,106,11659,4,-0.39244336940094593,0.36460538144469046
381,52,Female,Metro,116,13,36749,11123,12455,4049,9122,0,-0.6000233371658815,1.2349508278477606
382,58,Male,Urban,92,11,61147,28357,10607,8289,13894,0,0.05730675522298598,0.7551885466408198
383,54,Female,Urban,270,6,24659,4960,16919,1903,877,4,-2.438793570604574,-0.6328358432218307
384,41,Male,Metro,168,9,81521,33556,14236,19954,13775,2,0.8005542703167842,0.4373292611431844
385,46,Female,Metro,58,11,59833,18255,19394,11493,10691,0,0.5895273887542368,0.5132406348937616
386,66,Male,Metro,284,8,51072,13350,16236,5376,16110,1,-1.8149727850554849,0.45306063876579844
387,63,Male,Rural,26,6,57333,30881,10819,42,2523,3,-0.26360485355861035,-1.1850821069133062
388,48,Female,Metro,66,4,56450,18409,23921,1577,12543,3,-0.15850622472151552,-1.8351273164467294
389,52,Male,Metro,248,10,63256,32635,11969,12382,6270,0,-0.5729823583460869,0.9947018355297389
390,50,Male,Urban,254,13,30752,2446,17333,5885,5088,0,-1.4844070476761417,1.694930519682683
391,69,Female,Metro,44,6,58497,30657,11700,8576,7564,3,-0.5168310886952646,-1.0552506429034387
392,38,Male,Rural,97,6,70257,21207,28878,13106,7066,2,0.6520251714784697,-0.9853526590054883
393,49,Male,Metro,42,8,34368,8752,543,11663,6545,3,-0.5613280799203192,-0.7870688483758888
394,40,Female,Rural,227,8,53185,13440,3900,3577,2321,4,-0.5724620680251322,0.0421843813737038
395,50,Female,Metro,262,10,98630,6499,11945,19622,13132,0,0.6895081310090517,1.380249820479916
396,20,Male,Metro,167,7,81221,21139,4224,16142,8330,2,1.3441909011173092,-0.4145685114402587
397,35,Male,Metro,279,8,42063,14767,13758,5244,8294,4,-1.0831327111998106,0.09406105472255817
398,42,Female,Metro,89,8,52979,22343,14949,2134,13553,3,0.08909587193395238,-0.478724975657907
399,59,Female,Rural,178,13,63595,27712,26658,3892,5333,0,-0.19833606001378803,1.7957548040382638
400,48,Male,Rural,197,8,83277,19673,2866,4321,7858,1,0.4028634043280857,0.28624840519688316
401,20,Female,Urban,307,6,83297,29488,18630,5776,5389,4,0.5988457284067706,-0.1888145084286169
402,57,Male,Rural,267,9,79872,26520,18220,10584,18232,1,-0.3172078649632499,0.934609245525953
403,63,Male,Metro,268,6,43376,15784,8268,16119,3205,1,-2.0544696693280593,-0.3838349555548609
404,41,Male,Urban,74,7,79950,38079,24944,5828,2161,2,1.0971411544076608,-0.6175414543111097
405,67,Male,Urban,8,6,71333,20491,23360,295,17848,3,0.20246871060095625,-1.0849568784840145
406,49,Male,Urban,297,12,69843,35268,12813,413,643,0,-0.35003719415071444,1.9000558336545088
407,64,Female,Metro,164,4,99104,14718,16732,10187,14986,1,0.3205239695250779,-0.9065535750925129
408,39,Female,Rural,85,7,66142,35597,4601,14316,11628,2,0.6088886282423899,-0.7267215270505148
409,40,Female,Metro,72,6,57764,32815,12930,6668,5351,3,0.27008542153261267,-1.188801327576401
410,19,Female,Urban,55,10,88844,35132,4333,15344,4553,2,2.469794320602164,0.2303744572516042
411,44,Male,Metro,47,3,90751,26832,5399,8195,6518,2,1.2337265683523126,-1.9417557991327352
412,59,Male,Metro,238,7,78331,31862,22080,16561,5723,1,-0.4322716021114916,0.1482683624852486
413,19,Male,Rural,104,6,81520,12864,17839,4354,7946,2,1.6498858691393166,-1.0014910033846747
414,43,Male,Rural,210,7,59326,22842,18569,5482,610,4,-0.43477154728198475,-0.2765893636689843
415,34,Female,Urban,42,5,78670,8177,7436,16076,4302,2,1.306128658679165,-1.4858569034763336
416,57,Male,Metro,316,10,48958,11844,20195,15376,1543,0,-1.6148759528634145,1.1584275862496427
417,50,Male,Metro,268,8,43002,8594,27848,3271,1466,4,-1.4886048738536029,0.18214250337500545
418,26,Female,Rural,263,6,88187,13418,23693,10674,9108,2,0.8098330472310823,-0.2627854941698815
419,60,Female,Metro,336,7,69849,34854,14947,5392,14656,1,-1.2923453251374375,0.4530430969501965
420,65,Female,Metro,259,6,85458,23108,13961,16673,6236,1,-0.5612082084676313,0.010824549588402827
421,56,Female,Metro,283,14,46533,10419,8086,14309,13719,0,-1.1972418773527735,2.348470835926952
422,46,Male,Rural,114,9,60577,22539,3682,16791,17565,3,0.16999877390672635,0.06272580887655196
423,59,Male,Urban,363,7,84796,12835,18230,693,18530,1,-0.8660971395939956,0.6964520034444361
424,43,Female,Urban,40,8,39212,17533,1854,1169,18656,3,-0.1775369709689872,-0.7958469588565801
425,52,Male,Metro,220,8,50166,29515,2985,8623,9043,3,-1.0418652041318726,0.08259572523237302
426,67,Male,Urban,129,12,77265,35921,29026,7782,4536,0,0.21438635812148976,1.4673606112227362
427,42,Male,Rural,8,10,92797,22322,10817,13856,17103,2,2.0989157310536295,0.273278567404832
428,41,Female,Rural,101,11,48881,10223,19278,9174,10206,0,0.13292006122007866,0.5318901598706288
429,30,Male,Urban,176,9,68158,10273,7496,11352,19856,2,0.6429626811671668,0.2479819829750829
430,24,Female,Urban,107,5,57147,33519,558,19428,3642,2,0.5184989580528457,-1.5262417539860473
431,53,Male,Metro,101,6,61032,24160,19280,5530,12062,3,-0.1984883811086173,-0.9389465894170986
432,62,Male,Urban,260,8,56781,8849,26493,4992,16447,1,-1.3492574052459172,0.3836766480170026
433,37,Male,Metro,246,6,43277,25656,1254,3312,13055,4,-1.0779166116290064,-0.6807283053845768
434,18,Female,Metro,275,10,80491,10348,15667,13065,559,4,1.0306526999944636,0.9932631098218495
435,25,Male,Rural,32,10,98079,17924,18065,4318,1733,2,2.7249652794750245,0.28050903854150466
436,63,Female,Rural,137,7,77933,38935,16078,14059,8861,1,-0.041140926300453774,-0.2148602031924652
437,33,Female,Rural,12,8,72203,39132,29841,1688,1542,2,1.4886501649428319,-0.6613641685411183
438,31,Female,Rural,302,12,33568,1983,21655,467,9463,4,-1.0823796024197074,1.4173159097921069
439,29,Male,Urban,16,8,46848,24890,10006,9537,2415,3,0.689278402804955,-0.927309372195011
440,68,Male,Rural,129,8,85749,14629,6283,2422,10983,1,0.19024586402186713,0.20887693140391414
441,40,Male,Urban,63,12,76937,11273,8854,14604,12905,0,1.4503551535461543,0.9895097045970863
442,32,Male,Rural,109,5,87732,31739,12308,4721,5387,2,1.3410219913416908,-1.153256986680437
443,45,Female,Urban,21,6,57416,7894,3325,9203,8187,3,0.3633992542048046,-1.3494659224295318
444,51,Female,Metro,158,9,92512,24343,17625,7541,6643,2,0.9167830490800365,0.5875217556110973
445,19,Female,Urban,269,8,59853,31174,3143,9869,15667,4,0.14021378818581587,0.1004203396568134
446,49,Male,Urban,162,13,68009,6900,3037,14785,11246,0,0.37735864756654536,1.6960661209141112
447,40,Female,Rural,260,5,44674,3800,24737,13679,2458,4,-1.2758248951044424,-0.9258997720987986
448,39,Male,Urban,102,8,66233,35246,12417,12542,6028,2,0.595502283101734,-0.3224312819992794
449,68,Female,Metro,223,4,56897,7054,26526,17870,5447,1,-1.6427796304923978,-1.0599647681780255
450,42,Male,Metro,59,3,101317,38827,28896,14461,19133,2,1.6157146715743402,-1.8076420717400972
451,39,Male,Rural,247,13,78593,29373,18165,11038,1948,0,0.636514835798492,2.0486047614200014
452,39,Female,Metro,128,6,50758,27525,4675,12252,6306,3,-0.2467943396163808,-1.0485823680962354
453,66,Female,Urban,283,7,94659,38977,17861,9770,8251,1,-0.3178300818727159,0.5398415592636079
454,69,Female,Metro,325,10,46562,7115,27606,3749,8092,1,-2.1471555781118012,1.2669975154472304
455,59,Female,Rural,25,7,89659,31107,7148,11817,12363,2,1.1096269935705385,-0.5663565723759372
456,23,Male,Urban,131,8,75617,30486,28562,2503,14066,2,1.3090746388591505,-0.24742057674564769
457,32,Female,Rural,353,8,69787,13068,7551,7855,16129,4,-0.38196993165313853,0.6290120111589103
458,60,Female,Urban,196,7,64284,18640,16490,13378,15776,1,-0.7462622020721289,-0.14446184693463524
459,54,Female,Metro,281,8,46344,32158,2668,11329,189,1,-1.5705743517071793,0.2977790799420149
460,50,Male,Rural,154,8,80308,36136,21319,11101,11752,2,0.45896030931988613,0.10655631287351369
461,25,Male,Rural,133,9,95682,16128,23654,16783,7482,2,2.026751480937821,0.31110619513863064
462,61,Female,Urban,227,6,71318,24942,17548,12149,16679,1,-0.7658857129190302,-0.2845480251050896
463,61,Male,Rural,189,8,33157,2827,14912,14619,799,3,-1.7863733141866622,-0.13177190516473558
464,22,Female,Urban,265,11,97517,15990,17541,17923,9934,2,1.6367282798858793,1.4916109584301223
465,56,Male,Urban,134,12,71570,35255,2246,14985,19084,0,0.34823215903494364,1.3417007946995239
466,21,Male,Urban,211,7,50454,19987,6653,15026,8788,4,-0.028671166449385103,-0.5380726509906972
467,23,Male,Urban,60,9,64480,20901,25242,8428,9909,2,1.361261482956927,-0.2946336623001166
468,62,Male,Metro,364,6,64513,16277,26702,9119,12415,1,-1.7735294453691712,0.18791953128784475
469,49,Female,Urban,364,9,44188,1643,11133,4124,10790,4,-1.8504203435542654,0.8954058946230028
470,69,Female,Rural,213,5,64003,23729,7649,18779,13846,1,-1.293489516191018,-0.6833592143945805
471,47,Female,Metro,216,13,59071,21087,16895,16375,4714,0,-0.16507813015251155,1.8014522461841
472,64,Male,Rural,226,12,46076,21818,8441,449,11408,0,-1.323294468482893,1.5128132018219422
473,52,Female,Metro,131,8,49402,19,888,16763,2839,3,-0.5950729966164067,-0.2700012320212179
474,57,Female,Urban,76,8,95467,33443,9215,15034,3513,2,1.1868146419386592,0.009721311593158272
475,69,Female,Metro,286,5,61770,9457,29270,9442,13601,1,-1.7626846766555175,-0.4222397245010171
476,33,Male,Metro,277,9,81337,33922,24367,12643,1135,0,0.47863993241051295,0.7933579765085341
477,30,Male,Rural,156,3,76164,9820,29424,2301,11913,2,0.593550619673312,-1.7758061293779634
478,67,Male,Rural,248,8,75264,32750,8791,7710,10101,1,-0.7873031567142084,0.559201969527452
479,59,Female,Urban,218,10,80313,36484,19406,5792,18631,0,-0.03271574765072538,1.1026274460279815
480,47,Female,Metro,190,8,73131,38010,18914,9659,6548,1,0.10888347260685936,0.15134541404643123
481,36,Female,Metro,163,13,60597,37790,11075,7216,4516,0,0.5372155047116881,1.5218297849593074
482,34,Male,Metro,180,3,61382,22869,22699,11712,4102,4,-0.19808741308012393,-1.795542701635705
483,36,Male,Urban,34,9,88995,34421,15204,4905,16217,2,1.948995603864375,-0.04933727540475036
484,45,Female,Urban,41,4,54648,2502,18448,15766,17932,3,0.009537793560431456,-1.9740657334395297
485,43,Male,Urban,307,12,60184,16665,9950,5999,4511,0,-0.5511686449612657,1.795349697739715
486,54,Male,Urban,338,8,73613,25600,5413,16983,19215,1,-0.8947349804934912,0.7866461853753042
487,43,Male,Urban,314,6,59194,29394,6537,7288,14024,4,-1.0676069404792567,-0.21211165897973236
488,40,Male,Rural,75,8,68507,14086,3569,11266,11413,2,0.7878713141731228,-0.396684979021946
489,26,Female,Metro,279,8,69318,36171,1242,15586,16319,4,0.19461847029467616,0.2888704206413017
490,29,Male,Metro,176,7,59345,34003,4329,1567,19446,4,0.21170901736106637,-0.5216450523504805
491,18,Male,Metro,150,9,51461,13149,10487,15110,12715,4,0.5799631813777273,-0.11404762762749146
492,18,Male,Metro,273,9,72760,30394,18309,16082,7975,4,0.6896654360935169,0.5720897595992603
493,64,Male,Metro,325,6,69582,14396,26638,1094,19436,1,-1.4500034392342795,0.10269137249839826
494,51,Female,Metro,108,5,62743,23324,3395,11135,12621,3,-0.18187864998110467,-1.2486791595025768
495,49,Female,Metro,139,7,58012,17169,16824,13508,10511,3,-0.3027763262694016,-0.516190814698799
496,65,Male,Metro,350,8,80126,26243,21615,12345,19923,1,-1.0897809336257254,0.9862574402808563
497,42,Male,Rural,271,8,75823,31016,24565,9684,10558,1,-0.060083691288321944,0.45135752085677927
498,57,Male,Metro,347,7,56491,3194,19127,6191,526,1,-1.731245054749602,0.34018254014223703
499,62,Male,Rural,289,8,77470,32398,8039,17842,19191,1,-0.7605883975867117,0.6993425422599296
500,18,Male,Urban,212,5,69340,4789,8198,8046,1753,4,0.5961328695210504,-1.0479470190638749
501,33,Male,Metro,272,12,41335,20159,1586,4934,14656,0,-0.70989187404999,1.3934861519595423
502,56,Female,Urban,66,7,46817,5350,17209,14038,10220,3,-0.5482597163219771,-0.8525037271541651
503,22,Male,Urban,248,10,56517,33301,3824,1354,18038,4,0.18057094495591744,0.6854874595450453
504,39,Female,Urban,156,5,83632,24977,17652,6473,12741,2,0.7109866043631056,-0.954585230367655
505,46,Female,Rural,47,8,89768,36431,23999,12794,4841,2,1.501685873444682,-0.2478108781317808
506,20,Male,Urban,201,6,26909,129,3436,2963,4041,4,-0.8619172207140092,-1.1537010034954187
507,29,Female,Urban,148,6,86108,34626,28014,14503,8965,2,1.24836523562047,-0.7048107416501409
508,43,Female,Urban,124,11,53098,27549,8089,3042,14418,0,0.09547308482139098,0.6786946390920727
509,33,Female,Metro,1,10,86125,12342,16057,6973,4417,2,2.1952319671644043,0.10769405453380541
510,68,Female,Metro,247,9,55337,36417,1310,7139,8977,1,-1.4570559927972193,0.7051698327051906
511,54,Female,Rural,343,9,65400,10978,28609,11226,14587,1,-1.1424777194367746,1.0628401330908746
512,39,Female,Rural,128,9,73644,37628,9819,6930,19267,2,0.7971103397844149,0.18865747887891574
513,46,Male,Metro,191,5,73042,8833,15465,14762,448,1,-0.08824219918453753,-0.866191552356717
514,31,Female,Rural,67,11,96913,33491,25612,18116,19694,2,2.3713849109493834,0.7908502027950656
515,45,Female,Metro,4,7,52855,29473,13457,5340,4585,3,0.3640716813426985,-1.1227035533745109
516,22,Female,Urban,303,6,19076,737,477,5111,12751,4,-1.753179192084777,-0.8189409594079745
517,64,Male,Urban,294,5,88367,29429,27254,3081,8108,1,-0.683949490116011,-0.17047144997619956
518,66,Female,Rural,143,10,66382,1299,8906,7802,15534,0,-0.3658254303968586,0.7316849786140289
519,47,Male,Metro,191,8,75319,339,9868,9462,11443,1,0.18215287106583622,0.17671473375710992
520,63,Female,Metro,21,10,67340,32920,18546,15580,294,3,0.4182288631132499,0.2437449418548604
521,69,Male,Rural,227,9,81145,19435,508,17913,1238,1,-0.45659205073489134,0.8892236029957213
522,22,Male,Metro,313,10,73299,33194,7319,17465,15321,4,0.43706556131394103,1.1023643768116764
523,29,Female,Urban,117,9,89571,24509,381,7994,16074,2,1.7597354938794976,0.22144375125764912
524,33,Female,Rural,302,9,43709,1373,25756,3531,13049,4,-1.0062554049138621,0.5206888044714012
525,43,Male,Rural,142,11,36178,7082,15287,9343,2816,0,-0.608244595264823,0.5822900209624231
526,43,Female,Metro,39,10,80172,25532,1845,716,1098,2,1.4470258260798134,0.27756949648304086
527,65,Male,Rural,355,7,63458,18866,23684,6229,14679,1,-1.7891049479200987,0.5044415076210752
528,38,Male,Metro,252,9,55776,7593,29858,16588,1737,4,-0.4722952343297071,0.48584938713429004
529,56,Male,Metro,333,9,52651,9495,12562,12021,18573,1,-1.613541120379759,0.9150385298809867
530,53,Male,Metro,207,2,75221,7837,9910,11301,2765,1,-0.5493259822819371,-1.7384839020394234
531,50,Male,Metro,210,11,80314,11172,25676,4094,17606,0,0.3825675132398731,1.3361916285475188
532,47,Female,Metro,115,9,68870,18680,26436,9524,14230,2,0.4293857814168135,0.15616283744448264
533,54,Male,Rural,225,5,78488,30346,26667,10041,11434,1,-0.33928093927696557,-0.6160592445868142
534,40,Male,Urban,134,2,68899,23412,25293,8103,12091,2,0.04399539718244414,-2.1889444175596915
535,27,Female,Urban,251,6,94949,22863,24101,18402,410,2,1.083493622452011,-0.2347936522392148
536,22,Male,Rural,219,6,90116,30804,24893,15090,19329,2,1.24633235962413,-0.4468478322898207
537,53,Female,Rural,91,6,36264,10934,4629,15915,4786,3,-1.0349258487472004,-1.221007491358326
538,51,Female,Urban,354,8,73089,30723,5704,8709,9069,1,-0.8992509598833289,0.8192362551527432
539,69,Female,Urban,46,7,89789,20405,1776,1438,17170,3,0.6705205118099454,-0.40264672010319813
540,48,Male,Urban,38,7,90451,18748,24487,18436,18493,2,1.433872458350826,-0.5972775528761277
541,27,Male,Urban,142,6,41607,5230,15513,15029,5835,4,-0.2518646161942086,-1.1813928005312053
542,36,Male,Urban,100,8,73204,22354,18668,4517,1986,2,0.9561366958012009,-0.2860147166907377
543,49,Female,Metro,328,9,51004,8954,15228,18696,8126,4,-1.4137481017721274,0.822768851295763
544,18,Male,Rural,190,8,58072,23139,1244,10905,9070,4,0.5303758035960036,-0.23149243806605438
545,22,Female,Metro,35,7,53499,17388,1333,1244,7300,2,0.9853409503080915,-1.1824922117351546
546,62,Male,Urban,147,12,70211,39825,3669,2416,15548,0,0.031016582857514935,1.427362589377427
547,21,Female,Urban,30,8,71803,36523,17584,15293,2403,2,1.7766215599422381,-0.6927071447458509
548,33,Male,Urban,334,6,68544,35614,18178,6490,8262,4,-0.5064260907511217,-0.12372795694342234
549,41,Male,Metro,84,9,86220,35732,15579,11683,10502,2,1.416947259372856,0.15778045390481799
550,33,Male,Metro,281,7,94847,21021,22565,5839,6701,2,0.7947770547471252,0.26661155363845485
551,19,Female,Urban,344,8,73124,27702,27277,14850,3295,4,0.21730031915700046,0.5215845006191219
552,66,Female,Metro,270,9,81672,35523,17838,12170,15687,1,-0.5672233312570932,1.0368282159661866
553,45,Male,Metro,154,7,78755,19116,1933,11967,12875,2,0.4951826532167368,-0.2866813486603201
554,49,Male,Urban,102,7,69783,6473,746,5009,2121,3,0.31721921075794235,-0.5440342568113679
555,44,Female,Metro,215,6,70951,22735,23754,17966,3582,1,-0.15093487707957917,-0.4723934618251941
556,37,Female,Rural,150,7,72282,34461,9032,14312,14477,2,0.5494741280981033,-0.4305781711339822
557,41,Female,Rural,83,10,54186,11084,24357,8924,9821,3,0.3454714176809154,0.17672528813655347
558,29,Male,Rural,110,10,77448,28756,27071,15921,5700,2,1.4354787657445598,0.4127019608628077
559,67,Female,Rural,275,7,49938,17068,6827,18811,7232,1,-1.9148691640088602,0.07764561746685951
560,52,Male,Urban,201,10,55122,28916,16197,5721,4288,0,-0.6147343450285226,0.7325648559530495
561,50,Female,Urban,284,6,49402,2919,25664,8423,1085,4,-1.491817052906338,-0.3679133708845017
562,50,Male,Urban,173,8,45163,23550,792,4930,15891,3,-0.9047690386077131,-0.16498797404457013
563,68,Female,Rural,327,7,63404,36524,6927,4353,15600,1,-1.7414099918221062,0.4196446445075864
564,60,Female,Rural,206,7,37411,3283,17651,7832,8645,3,-1.7648860945872227,-0.36965047593362654
565,54,Female,Metro,63,8,50224,4691,9742,16786,19005,3,-0.2695822210324781,-0.5093918907018347
566,29,Female,Metro,73,9,88851,23212,6369,16448,8810,2,1.9683256224463928,0.04376395141870024
567,20,Female,Rural,251,9,81799,28602,14800,18621,8828,2,1.0652182493482234,0.5917739137206013
568,18,Male,Rural,124,10,63116,17540,19074,7770,18732,2,1.2111074868297127,0.23710123286628854
569,50,Female,Rural,121,7,83025,35829,7874,16556,4874,2,0.6584724131106658,-0.33219113410702605
570,57,Female,Rural,275,4,51456,5919,16676,15094,13767,1,-1.750249241242996,-1.0008897914456678
571,27,Female,Metro,120,6,60353,22277,6864,7935,19420,2,0.5387611223034515,-1.0825618664593974
572,60,Male,Rural,317,7,53092,17676,4022,2675,10913,1,-1.7930530468772756,0.21477415107148629
573,61,Female,Metro,164,6,63187,9752,25980,11240,16215,3,-0.7222738765302631,-0.6086946346099084
574,46,Male,Rural,286,10,56782,16012,18032,4005,18733,0,-0.8088995137983899,1.0298491414448758
575,30,Female,Rural,265,7,41059,9175,11008,6544,14332,4,-0.952589998032972,-0.34806820310610426
576,29,Female,Rural,320,15,47429,2067,12102,17332,4432,0,-0.39221081057839474,2.6194993447792094
577,48,Male,Metro,161,5,83044,31478,29913,14388,7265,1,0.36453177732025605,-0.8680677713025172
578,63,Female,Metro,308,5,89534,26439,15342,14959,6103,1,-0.6834394833523528,-0.11282491035366422
579,19,Male,Urban,89,6,58563,34747,11110,1694,11012,2,0.9051461295505274,-1.285150372181251
580,68,Male,Rural,142,8,65634,29810,5171,14753,15900,3,-0.601600914933654,0.061701848357555
581,67,Female,Urban,203,13,47172,18302,9589,16526,2031,0,-1.187002143369026,1.796179407048978
582,52,Male,Urban,309,8,42411,700,18077,6001,17633,4,-1.7946791332861367,0.35151384679185027
583,40,Female,Metro,227,6,70116,36814,6710,6652,19940,4,-0.11212088469298129,-0.46646865865292453
584,34,Female,Metro,334,13,75766,34841,17421,14985,8519,0,0.23732170517405557,2.317670531630219
585,43,Male,Urban,222,5,72442,3048,20236,4581,8988,1,-0.1754158230102881,-0.7761863469723391
586,25,Male,Rural,41,7,62274,33290,5459,5087,5299,2,1.1690244086063768,-1.0487321465347494
587,46,Male,Metro,196,6,79108,11101,14937,1460,12952,1,0.1769489934698311,-0.4497405210777885
588,43,Male,Rural,68,6,46513,29778,9754,3887,3094,3,-0.2123252371783647,-1.2905233359498693
589,27,Female,Rural,264,7,70968,27425,25688,14878,2977,4,0.22670068059877374,-0.0824631091829211
590,43,Female,Urban,2,8,77147,17852,7048,8484,17346,2,1.387657045507961,-0.5705690117234348
591,51,Male,Urban,361,6,62628,24500,22568,9835,5725,1,-1.4601918107624259,0.06866431942036258
592,68,Female,Urban,125,9,39068,12674,9483,15643,1268,3,-1.3913977899041945,0.07231762984960244
593,58,Female,Urban,110,7,92414,23195,17545,10910,16161,2,0.7888577972977029,-0.2178132278047725
594,24,Female,Metro,86,6,75761,24371,17413,17221,16756,2,1.3729837440208614,-1.0873501152110028
595,21,Female,Metro,120,6,75429,33053,28913,5846,7617,2,1.279451774964239,-0.983080118851666
596,67,Male,Urban,127,6,83174,11957,12449,8463,15032,1,-0.0062677431425906364,-0.5072315345089508
597,62,Male,Metro,255,5,60051,7108,15354,13336,12934,1,-1.4269369691927,-0.6160301650536433
598,28,Female,Urban,183,7,90007,17829,27315,2369,11885,2,1.3090455683261581,-0.20142266298243208
599,46,Male,Rural,16,4,30603,5837,978,13992,9796,3,-0.7541881084306118,-2.2990858810315444
600,53,Male,Rural,62,12,74398,15032,8709,19558,6279,0,0.9330359003418874,1.0660012237902838
601,42,Male,Rural,158,6,64780,34234,29569,882,95,3,-0.0025108745014758133,-0.7702244085790987
602,38,Female,Urban,268,10,70359,26352,25358,3171,15478,0,0.04023229674317489,1.0286114885962008
603,53,Female,Rural,35,4,55036,30215,15760,2040,7021,3,-0.2100555901641588,-1.9287139439937104
604,27,Female,Metro,267,8,41686,9106,11023,6372,15185,4,-0.7672311192977324,-0.02097667097226736
605,54,Male,Rural,64,2,72047,28766,29851,7562,5868,3,0.06544499167677577,-2.316034650638736
606,26,Female,Rural,50,6,92303,38700,28756,11776,13071,2,2.092660313360464,-1.0482511102173506
607,41,Female,Rural,255,9,58443,9996,21513,5900,8041,4,-0.4920394214532764,0.5479806044923076
608,52,Male,Metro,149,6,68388,1178,16521,7965,16515,3,-0.1568246350424742,-0.6886748184207396
609,66,Female,Urban,325,10,80420,35319,25329,8465,11307,1,-0.8313364034972001,1.5752695496536167
610,52,Female,Metro,304,6,44315,16025,11145,589,7290,4,-1.8474992134471055,-0.3241308089828942
611,65,Male,Urban,276,8,65165,9780,21192,5063,15495,1,-1.2329045852734253,0.5523705078422592
612,53,Male,Urban,357,3,62087,22706,14491,18374,6516,1,-1.7464751663321734,-0.9483977068242456
613,35,Male,Rural,172,5,54387,9967,18839,16240,9341,4,-0.2920647862357314,-1.2122110732340714
614,66,Female,Urban,201,11,71226,30856,27410,1258,11702,0,-0.4269419243191917,1.341637288794119
615,56,Female,Metro,324,9,59427,37630,7392,13598,807,1,-1.3221753639426779,0.9466995595340392
616,49,Female,Metro,35,7,62196,9179,25155,2866,13031,3,0.40168676993884134,-0.8783471395699262
617,41,Male,Urban,216,8,83459,38623,11447,16955,16434,2,0.5404741496066142,0.3050029314809819
618,40,Male,Rural,65,4,57373,17587,19650,8736,11400,3,0.14548076475306068,-1.8947437662072426
619,49,Female,Rural,8,12,76751,23733,21033,12704,16439,0,1.4380512855969512,0.8473292372572439
620,54,Female,Metro,301,11,50606,22770,8587,637,3664,0,-1.3022558882089894,1.4296314643468935
621,29,Male,Rural,343,6,49641,33887,10129,4882,743,4,-1.100669957520388,-0.30691044684204133
622,66,Male,Urban,332,9,39740,3975,13907,15828,6030,1,-2.4038827000944436,0.8653479334096174
623,30,Male,Urban,76,14,52889,12919,21637,3672,14661,0,0.9969625109962031,1.3976553817239024
624,40,Male,Metro,174,8,54974,9602,5428,12329,14975,4,-0.22578646078060577,-0.145747476252829
625,42,Female,Urban,47,8,71475,34060,22369,14967,79,2,0.9773111161322375,-0.45989856691237524
626,52,Male,Metro,15,6,59141,10140,29481,4711,14809,3,0.2250217104766374,-1.2990819597849022
627,58,Female,Urban,361,8,49126,21170,2589,13235,12132,1,-2.0296700301539428,0.6677037154150243
628,47,Female,Metro,147,6,63461,28830,23560,159,2966,3,-0.15721769573912325,-0.7853290157337843
629,34,Female,Rural,26,11,35302,6590,3034,10144,15534,3,0.2770839356279799,0.050996016481938404
630,66,Male,Urban,308,5,49299,30609,169,14793,3728,1,-2.2283349015273033,-0.48373574432778865
631,37,Male,Urban,93,12,58773,17401,26913,9923,4536,0,0.7375714818990418,0.9031131008198298
632,65,Male,Metro,232,9,53415,27729,3239,5938,16509,1,-1.346607680740571,0.6038271383185901
633,42,Male,Metro,21,11,78661,37944,3415,11354,5813,2,1.5957774258401343,0.5223127303001384
634,39,Female,Urban,307,6,59468,28645,19952,9924,947,4,-0.8877135963733156,-0.2689650071667417
635,30,Male,Metro,38,9,62248,29047,11408,580,12565,2,1.1659956179532505,-0.34515687499372194
636,36,Male,Urban,276,9,46362,22560,3484,4474,15844,4,-0.871975901623841,0.470236640554657
637,66,Female,Rural,157,9,80244,6647,21219,9941,594,1,-0.016399419057999118,0.5846503973793271
638,53,Male,Metro,179,9,84608,21106,18225,7073,16524,1,0.4545793823378179,0.6075114617745001
639,29,Female,Urban,132,7,71631,6015,14923,9662,19439,2,0.8875040422343601,-0.5715719543096733
640,58,Female,Rural,311,5,98031,21506,23262,5059,14017,1,-0.22825466120936175,-0.058233139719703925
641,36,Female,Rural,348,2,70065,24067,28336,13457,4205,4,-0.92166788155214,-1.3801209575301359
642,29,Female,Urban,28,9,81206,2056,20936,4328,7782,2,1.933482613218358,-0.20581488343589452
643,26,Female,Metro,260,6,59001,31719,6844,17778,2660,4,-0.22260848385577794,-0.5611005927633849
644,24,Female,Urban,76,7,65672,29328,19410,921,16013,2,1.1377784005829905,-0.8877450426580602
645,45,Female,Rural,67,4,65175,12176,29997,2773,6856,3,0.24915031913576952,-1.769849558021962
646,31,Female,Urban,342,9,65009,31885,22573,4462,6089,4,-0.3878758756079977,0.8688068752851036
647,48,Male,Metro,194,8,95194,21269,3965,19818,5318,2,0.846934471494485,0.39167214725781746
648,69,Male,Rural,162,10,71739,3114,7184,6733,15405,0,-0.3741947979841318,0.882278121301543
649,36,Male,Urban,347,9,88054,13442,26177,11774,18936,1,0.2473711571781859,1.155059496292902
650,64,Male,Metro,361,9,52797,1629,21863,9310,19995,1,-2.0229968103305773,1.0898463298591172
651,33,Female,Rural,257,2,53357,17927,5380,1865,8062,4,-0.9373998188384465,-1.921386514392501
652,22,Male,Metro,72,6,83379,31317,17530,17108,17424,2,1.787614120153342,-1.0830069832704803
653,52,Female,Rural,87,7,68902,23896,20710,711,8506,3,0.2659359131931871,-0.586547653509065
654,29,Male,Urban,262,7,62801,28155,15285,7710,11651,4,-0.12239495925022732,-0.15423795313904234
655,42,Male,Metro,214,9,78324,18288,27260,13446,19330,0,0.4074118673391648,0.5923894348125857
656,69,Male,Rural,153,6,97623,21415,111,13394,15730,1,0.307856320649728,-0.24828975358873637
657,38,Female,Metro,210,6,55854,36085,16143,390,3236,4,-0.46748401777941206,-0.6886766185467558
658,53,Male,Metro,61,10,49415,11251,16976,9262,3680,3,-0.10693996284490952,0.1417657607797805
659,40,Female,Urban,268,10,64167,36884,7413,4487,15383,0,-0.248573889262735,0.9839911915034412
660,33,Female,Metro,262,12,96825,25574,14726,10620,11298,0,1.3367192949221394,1.899768482221411
661,56,Male,Rural,218,8,65677,9623,24563,13570,17921,1,-0.6067691634119627,0.2596020188804254
662,62,Male,Rural,283,5,58879,20936,27015,6066,3872,1,-1.6182359548745087,-0.5189738457873061
663,59,Male,Rural,136,8,86159,6123,17622,4494,1867,1,0.4663644867994623,0.16714037064198806
664,56,Female,Rural,362,8,36085,3061,5983,3572,15820,4,-2.437085148732218,0.527283150342232
665,31,Male,Urban,93,8,85892,36499,19178,12670,17545,2,1.6151567392289514,-0.22903081326789132
666,48,Female,Metro,109,14,85944,39095,26990,15939,3920,0,1.4111521126357505,1.9961093506026082
667,22,Female,Urban,241,2,60725,28451,10321,16260,5693,4,-0.22240297898678268,-2.00015985994205
668,52,Male,Metro,355,7,64987,16361,27429,10249,10948,1,-1.302738672457529,0.4141517062154579
669,40,Male,Metro,142,7,50527,15907,11061,2311,8456,3,-0.28894992164459954,-0.6509866754103942
670,46,Female,Metro,291,5,81987,34814,29771,11071,6331,1,-0.29976794719575667,-0.39058392271251624
671,60,Female,Urban,237,7,99560,19605,3598,6773,13107,1,0.30246275063475275,0.3610158188388292
672,28,Female,Metro,340,8,92005,32256,20187,6905,9494,4,0.6181724778928521,0.7644414095116737
673,35,Male,Urban,312,8,82439,11332,1526,3642,13853,1,0.1914237888890643,0.618614495247469
674,64,Female,Rural,177,12,69748,37832,7909,6338,9386,0,-0.21184608876188404,1.5553393474775428
675,29,Male,Rural,141,4,65701,29476,1969,16346,17910,2,0.4047406492339005,-1.6073625916266077
676,26,Female,Metro,189,6,45712,9445,9143,18993,8131,4,-0.3216556295568795,-0.9669317863088945
677,27,Female,Urban,49,8,72794,33490,17886,9622,11796,2,1.5118522705366346,-0.5606975490842087
678,61,Male,Rural,302,9,67431,29767,20851,15655,1158,1,-1.083365428865166,0.9805192887913926
679,34,Female,Urban,190,6,56740,15210,11528,10105,19897,4,-0.19633570562550687,-0.7899252948321763
680,55,Male,Urban,136,11,70718,24159,22791,6240,17528,0,0.26622787862467456,0.9955063104663284
681,24,Male,Metro,43,6,95817,7564,8301,14797,68,2,2.322566215268119,-1.0570778746112315
682,63,Female,Rural,353,9,61304,21219,28562,7806,3717,1,-1.6415903474981985,1.1342870856373837
683,30,Male,Metro,90,12,46275,27946,2354,757,15218,0,0.5369150646045804,0.7120131414641254
684,57,Male,Metro,295,7,59326,36587,5319,6220,11200,1,-1.3523232684511353,0.1664025787773069
685,59,Female,Rural,341,14,29548,3364,225,10104,15855,0,-2.215997985440928,2.4308274714501983
686,26,Male,Rural,245,6,42515,4318,14520,14316,9361,4,-0.734895287568917,-0.7811978362193566
687,67,Male,Urban,192,9,39508,11479,3011,9326,15692,3,-1.6994139516738993,0.3283276415495626
688,44,Male,Rural,318,8,32006,7398,4126,8956,11526,4,-1.9509045252484625,0.21940127899196524
689,19,Female,Urban,106,10,91027,2452,613,19109,10207,2,2.2764589318453288,0.4495668444172752
690,22,Male,Urban,363,9,72448,21672,14082,19752,9231,4,0.0661412541267268,0.950397668170981
691,46,Female,Urban,310,5,68235,33193,16482,3497,15063,1,-0.8950124153230499,-0.4519930609037338
692,54,Female,Rural,233,7,33910,13865,5458,9864,4723,3,-1.8353928363005334,-0.3479524228373018
693,55,Male,Metro,265,10,99746,25345,9002,8774,4213,1,0.547672960382878,1.4433474852523207
694,36,Male,Urban,344,6,60164,20359,22300,14039,3466,4,-0.9603029940690174,-0.1429650343496984
695,25,Male,Metro,37,7,49751,8799,19721,1821,19410,2,0.7404839773130323,-1.1872504970293603
696,65,Female,Metro,305,8,55770,23053,2699,17569,12449,1,-1.7249208075451508,0.5725329283181111
697,62,Male,Rural,41,6,79841,34892,29485,12717,2747,3,0.4981935720358876,-0.9139337508023765
698,18,Male,Metro,17,5,70460,17684,22301,18021,12454,2,1.6754239853328092,-1.7930471971070767
699,39,Male,Metro,344,7,69531,5015,7517,10372,12587,4,-0.6494532483916836,0.3108252017150748
700,69,Male,Rural,277,4,57447,31665,1019,8380,16383,1,-1.9439493583683332,-0.8370797166734029
701,34,Male,Urban,307,12,35984,8657,19409,1746,2203,0,-1.121797283507201,1.4847365386390174
702,24,Female,Metro,59,12,57286,21951,15903,5797,13635,0,1.2967653448298633,0.6513652174308598
703,42,Female,Rural,183,9,88061,32063,19912,16283,19803,2,0.922370509114095,0.5678314605832752
704,62,Male,Metro,41,7,66228,32743,20270,8089,1144,3,0.08311315384842313,-0.7101691285159611
705,21,Male,Metro,39,5,93099,26521,22615,19004,19083,2,2.271877581584098,-1.4610673347558314
706,53,Male,Urban,192,5,56647,10731,21566,12137,12213,3,-0.9148305947040752,-0.9666512225283196
707,23,Male,Metro,267,7,72878,18744,29593,7597,16944,4,0.41207780470992805,-0.08447222725359288
708,48,Female,Rural,147,6,39415,18423,13698,6107,1187,3,-1.0541921079500627,-1.0134228956795868
709,36,Male,Metro,333,7,57790,17568,16150,2793,3133,4,-0.9130396083230649,0.12854404985526188
710,61,Female,Urban,127,9,66696,3934,5578,11138,3411,3,-0.1772801732615649,0.29474703680975195
711,56,Female,Urban,46,8,22327,11409,6729,2500,1689,3,-1.2474964717311674,-0.8331285329902869
712,44,Male,Rural,45,6,62779,31410,6961,13138,4407,3,0.46135402317761126,-1.2118292647487725
713,27,Female,Urban,1,9,52763,30808,11171,8361,2423,2,1.1219909650687587,-0.6060917469737844
714,43,Female,Metro,168,8,70109,8172,13947,4925,17753,2,0.25030460490196765,0.003955080979029381
715,36,Female,Urban,108,5,79466,27358,27916,17464,6728,2,0.9166659840654311,-1.2059255062947851
716,56,Female,Rural,19,9,35593,777,22397,4453,976,3,-0.5531529040378661,-0.4700328874059251
717,20,Male,Urban,332,6,68376,19763,17180,18632,12801,4,-0.07036288122043464,-0.23844161894371207
718,62,Male,Urban,72,8,95036,35186,1957,14779,10548,2,1.0267072617738593,0.030481289590747366
719,30,Female,Urban,109,6,62838,31170,19450,12100,118,2,0.5870781333596058,-1.0765025751171144
720,67,Male,Rural,268,7,50465,20461,13300,15162,1542,1,-1.8586386090588296,0.0556800289699633
721,45,Male,Urban,240,8,50787,2439,27596,1325,19427,4,-0.8938130908141652,0.1095398220043538
722,37,Male,Urban,301,5,39209,7804,19064,11369,972,4,-1.591045342560832,-0.8449071403130065
723,45,Male,Metro,90,8,28908,13212,4441,10340,915,3,-0.8804806605624133,-0.6869856579386162
724,25,Male,Rural,103,5,62064,21653,13011,13408,6621,2,0.6832549378737379,-1.4853530831932173
725,58,Female,Urban,250,9,87800,21971,19332,18072,16970,1,0.02498058146312215,0.9546670355534131
726,56,Male,Rural,8,11,86140,1989,20115,19369,14530,2,1.4690816220974259,0.6587785176500894
727,18,Male,Urban,153,8,34783,7868,1101,18460,7354,4,-0.10906304846648249,-0.6037166736327406
728,20,Male,Urban,347,6,74356,33712,21868,1461,13761,4,0.0645246728698363,-0.12154074217424791
729,30,Male,Urban,174,11,50282,24604,9229,9594,4591,0,0.15933197042553934,0.7395977669899682
730,45,Female,Metro,343,7,61768,22135,20615,72,18946,4,-1.122115919855359,0.2792987755434865
731,66,Female,Metro,158,10,68035,30544,13615,6030,8464,0,-0.3863734895864419,0.8060834111942186
732,42,Female,Metro,215,8,91141,37918,14732,19180,19311,2,0.7885696641041442,0.38468345660458747
733,50,Female,Rural,177,9,76481,30847,25367,7717,12550,0,0.2728595335861081,0.49562622390077543
734,55,Male,Rural,175,7,74162,10680,12366,13331,14351,1,-0.11358465625838177,-0.16936369511786623
735,23,Female,Metro,340,7,58279,30083,9970,13936,4290,4,-0.5013320065099862,0.05518083674568604
736,61,Male,Rural,338,12,72748,34433,12992,18877,6446,0,-0.8624050387617088,2.1847736271253835
737,62,Male,Urban,146,3,82673,26309,981,3576,13432,1,-0.1813553282392299,-1.4914240709998463
738,49,Male,Urban,324,6,52940,10349,25841,8100,1522,4,-1.5446764623076914,-0.1861638832092526
739,62,Male,Urban,161,9,87796,9543,21554,13612,561,1,0.3663225849700976,0.6419379025159262
740,64,Male,Metro,127,8,44047,9460,25319,5728,3540,3,-1.1643760395395846,-0.24090318007847736
741,38,Female,Rural,82,8,63043,34553,16130,32,12328,2,0.6206681284525983,-0.43941494769215517
742,33,Female,Metro,147,7,59705,28525,18815,10886,1479,4,0.24641651191822925,-0.598152137825376
743,38,Female,Rural,239,9,43278,5948,8566,14078,6677,4,-0.8519810774901764,0.3126796094584836
744,28,Female,Urban,84,11,62789,14498,26329,4373,17589,2,1.1545525366144487,0.497277936945592
745,54,Male,Metro,113,8,63898,18991,6349,14468,8848,3,-0.04480643185468575,-0.1812053071698638
746,53,Female,Rural,225,7,75265,24974,20281,13037,16973,1,-0.2740120205639118,0.019141507595295537
747,52,Male,Rural,332,8,78874,35398,10728,19982,12766,1,-0.6074013962018344,0.7988569685896127
748,36,Female,Urban,243,15,43189,7660,7548,14461,13520,0,-0.36654087748359304,2.33599292766207
749,37,Male,Metro,143,14,58955,26245,18375,2392,11943,0,0.6255427353225477,1.773732688687862
750,35,Male,Metro,41,10,99679,238,19312,11063,10292,2,2.4026065601857343,0.41212880783170275
751,64,Female,Metro,258,6,70871,19920,21814,19061,10076,1,-1.0466899120681745,-0.14443600191165035
752,58,Male,Urban,285,13,56499,9338,3446,17785,16017,0,-0.9902025038842827,2.1328393525231983
753,66,Male,Metro,105,4,42980,10349,23159,817,8655,3,-1.4475707289731616,-1.6704057314122935
754,31,Female,Urban,202,4,51958,11643,25167,6203,8945,4,-0.480353226640328,-1.489629375304253
755,32,Male,Urban,307,7,61031,28274,21545,2438,8774,4,-0.5253233558825806,0.02716296429179589
756,48,Female,Urban,331,10,72532,39913,12820,17594,2205,0,-0.5492821583224913,1.3752415697946607
757,18,Female,Rural,266,13,76565,38629,18953,6641,12342,0,1.159366311509773,1.9322420785625207
758,20,Female,Metro,210,6,65057,16632,2872,16983,4027,4,0.46048857149327715,-0.744090990218273
759,33,Male,Metro,51,10,79609,27144,9368,14026,16327,2,1.694737353726005,0.2375620921491011
760,40,Male,Urban,118,5,77907,12321,1335,18230,7188,2,0.6746270270088087,-1.1500618843100627
761,28,Male,Urban,201,11,84130,37091,5413,18271,2808,0,1.297734547305215,1.160563212234305
762,29,Female,Metro,39,6,89439,29256,29269,17063,13851,2,1.9488291627725367,-1.094732973016142
763,27,Male,Urban,28,8,74971,23485,16496,19636,15354,2,1.7019536015560799,-0.620740037538427
764,49,Female,Metro,259,4,39909,2860,20156,1835,15058,4,-1.814285264649136,-1.241155872953318
765,33,Female,Rural,84,8,55184,14919,13423,12222,14620,3,0.49363699125170923,-0.5493592703472516
766,25,Male,Urban,155,9,60795,33337,5294,2177,19987,2,0.656304565192615,0.05372847307073281
767,55,Female,Metro,117,11,60478,8411,10037,8142,3913,0,-0.0003744833405365725,0.8212513301021787
768,29,Male,Urban,2,8,79872,9586,29997,148,17803,2,1.9501741224940026,-0.6572116282895414
769,41,Male,Metro,93,8,58277,24312,1987,17879,2167,3,0.2912857644619652,-0.4192756599951235
770,45,Male,Metro,166,9,86379,23055,4829,13105,2144,2,0.8529704893888344,0.5096952640705661
771,25,Male,Urban,350,13,60613,34890,18369,1744,2167,0,-0.09357431544870264,2.157961645377211
772,45,Male,Rural,296,10,68073,28807,27868,1646,9752,0,-0.4233985461513114,1.1714300353462002
773,53,Female,Metro,258,9,60565,20384,11434,19379,9368,1,-0.8300512609044942,0.6776644352002488
774,43,Female,Metro,81,8,77814,28925,21475,9864,17550,2,0.9906654140856633,-0.2576992839836177
775,25,Female,Metro,268,7,34878,3089,14548,13666,3575,4,-1.0246720886983245,-0.43765273841394464
776,67,Male,Rural,235,12,53770,14242,16636,3667,19225,0,-1.1944284823659128,1.6475873537654295
777,45,Male,Rural,321,2,99891,39978,24699,16960,18254,1,-0.005071020711467325,-1.1189367581115361
778,45,Male,Urban,311,6,88943,16433,9428,11287,19270,1,-0.04934571694871374,0.0846702281430832
779,54,Female,Rural,301,6,83134,33282,17007,16302,16543,1,-0.5034231037487147,0.06174217330902705
780,58,Male,Urban,357,6,34392,10983,3156,13010,7243,4,-2.685493153641592,-0.16749212314668013
781,53,Female,Urban,213,13,95242,4671,11328,4779,12926,0,0.9511247179784003,2.1937175893694887
782,44,Female,Rural,62,6,36764,24133,3389,8187,1055,3,-0.5637480960248373,-1.4014479869698078
783,34,Male,Urban,49,6,54968,414,19801,13029,16717,3,0.4913290481065029,-1.3540505132009588
784,26,Male,Rural,127,9,70425,21242,26231,2972,19980,2,1.1182462345840725,0.0478524698207331
785,50,Female,Urban,223,8,72154,35184,9458,18429,9083,1,-0.20161653067609114,0.294006339847597
786,37,Male,Rural,279,14,53826,38379,2945,11140,1362,0,-0.2833790079224347,2.2506848402990633
787,30,Female,Rural,294,6,43519,15231,9352,18011,925,4,-1.0926771328650915,-0.5489385576517604
788,45,Male,Urban,284,4,66009,21849,10486,14847,18827,1,-0.8771757806340178,-0.9202522357704707
789,65,Male,Metro,277,9,79461,31676,8632,14423,16321,1,-0.650759189663079,1.0341518653679715
790,46,Female,Urban,107,7,72011,22056,2092,1488,10769,2,0.47017482594027304,-0.5270642372102243
791,30,Male,Rural,146,8,52143,19947,19089,9127,3980,4,0.1535935249322435,-0.36313031009918667
792,63,Female,Metro,99,8,76422,26040,3759,19947,7260,3,0.18099296367877402,-0.03956518189898017
793,52,Male,Urban,73,10,78001,25282,5112,9906,16151,2,0.8891794615219342,0.46098362469669324
794,23,Female,Urban,122,6,77757,26201,16937,1802,10597,2,1.2860462258189025,-0.9362568704171397
795,35,Female,Urban,30,4,28783,6833,4904,15627,1419,3,-0.5291000868237261,-2.3517860817120932
796,68,Male,Metro,188,10,49052,4752,13258,19975,11067,3,-1.2945163918374338,0.7521453862147492
797,22,Female,Rural,364,10,71112,24507,1112,3520,59,4,0.0867499021542944,1.278631947451549
798,64,Male,Urban,354,5,31366,20169,2777,5896,2524,1,-3.051264367866111,-0.49772356717388866
799,42,Male,Urban,288,7,93211,24930,23481,15244,1578,1,0.400018693577642,0.3505898020480779
800,19,Male,Urban,195,8,36519,5023,15587,3311,12598,4,-0.30368693533436386,-0.4157113270542116
801,27,Female,Urban,156,4,82256,982,10025,18689,14527,2,0.9858816490956468,-1.4027889072763804
802,47,Female,Urban,172,7,50017,14305,1314,18351,16047,3,-0.6994398401720038,-0.48296828168001593
803,67,Male,Rural,335,12,69812,16146,19877,8009,707,0,-1.151013960571926,2.192906064161024
804,62,Male,Rural,41,8,56098,11201,27714,11906,5277,3,-0.20685003737954683,-0.47219234697111173
805,22,Female,Urban,63,6,97171,16910,13562,12227,1780,2,2.3310104434430827,-0.9824305044766951
806,50,Male,Metro,23,5,90716,23031,11304,5462,13811,2,1.3090852711084815,-1.3115945872379633
807,18,Male,Rural,360,8,80167,23636,24674,13060,18797,4,0.41823251084873053,0.6447035983789638
808,35,Female,Metro,75,9,67863,17314,23857,3458,13145,2,1.0046055694714953,-0.10603419393412997
809,49,Male,Rural,48,4,52739,27332,7015,3730,14662,3,-0.22908844347653845,-1.9332723566529049
810,64,Female,Urban,160,9,77202,18330,12117,7547,18545,1,-0.07528488019772371,0.5502010216877468
811,66,Male,Rural,313,6,53178,15365,26055,27,11731,1,-2.041705688591687,-0.08876676653671393
812,28,Female,Urban,118,11,86666,10108,5710,15508,8800,2,1.8310991873322475,0.8636455378178874
813,38,Male,Rural,100,9,52515,3360,12588,19875,16692,3,0.22049481494053,-0.13555358092701467
814,43,Male,Urban,167,8,50057,3625,17606,6423,5439,3,-0.4646800224988438,-0.19688538802612596
815,42,Female,Urban,290,8,75964,38237,20967,12453,4307,1,-0.15626021966589992,0.5264139378126823
816,39,Male,Urban,156,7,43048,1223,21904,17557,2364,3,-0.599023763371263,-0.6782664432665896
817,44,Female,Urban,7,7,97424,39878,24256,16722,16568,2,1.9822930977527287,-0.68138786672605
818,66,Male,Metro,196,7,49321,9157,25580,9260,5324,3,-1.4828936395028205,-0.2428336393324317
819,30,Female,Urban,56,7,84156,37760,25052,15861,5483,2,1.7092088193708932,-0.7351287877345748
820,50,Female,Metro,321,12,62340,13646,29817,17225,245,0,-0.7806337655701706,1.9275160785690122
821,51,Female,Metro,193,11,80199,29024,15436,12476,8430,0,0.43583323315599115,1.2772461464200595
822,58,Female,Urban,47,7,47723,4787,21815,12938,8183,3,-0.4808481434134782,-0.9010745494796576
823,52,Male,Metro,148,4,89388,23202,25711,16677,5924,1,0.45501272235023965,-1.161237091887584
824,18,Male,Rural,275,14,86924,36067,15196,10049,16903,0,1.5574577465753043,2.406371359647886
825,38,Female,Urban,157,10,68724,9360,27432,18031,13901,0,0.5729632943599748,0.5821552764472355
826,65,Female,Metro,202,11,60302,32692,18089,5614,3907,0,-0.791497401435924,1.2301118540191087
827,23,Female,Urban,126,5,68079,39219,16901,11683,276,2,0.843147303170129,-1.3532901854709454
828,45,Male,Urban,305,13,78891,12941,17604,11687,5101,0,0.1390397839127062,2.3250275874384307
829,34,Male,Urban,294,8,68770,15993,2506,3801,14537,4,-0.17049672143565497,0.40645456062566804
830,22,Male,Metro,64,5,56110,14620,20709,8280,12501,2,0.7767487874019624,-1.7193591977366307
831,48,Male,Rural,325,7,57939,20193,25767,7376,4603,1,-1.2633125254339865,0.19619598643166802
832,22,Female,Rural,176,8,59803,21248,12072,10148,16335,4,0.534405162017681,-0.23637106767935875
833,55,Female,Metro,116,10,51526,5027,16136,14060,13386,3,-0.3905513286001684,0.3919620136551543
834,20,Female,Urban,204,5,39939,4260,14343,17283,4053,4,-0.48376498988849087,-1.351559878025057
835,40,Male,Metro,321,5,91349,37596,27819,19861,6073,1,0.07580781385168639,-0.23090527448964648
836,54,Male,Metro,31,4,53834,9012,26553,1744,16525,3,-0.2651079111658755,-1.9479298389494755
837,54,Male,Metro,113,5,69464,25823,5479,18637,10561,3,-0.06665100747955904,-1.1389721839408922
838,27,Female,Urban,325,12,60998,8315,10434,11853,18101,0,-0.0868365073320532,1.7435287343490675
839,27,Female,Metro,344,2,63862,12631,23820,14663,12748,4,-0.8244896166788811,-1.5294663343182662
840,36,Male,Urban,67,7,30294,18258,3090,1633,7313,3,-0.4833760968997955,-1.1729385031730175
841,34,Female,Metro,75,9,45459,25099,6497,8149,5714,3,0.23299106630244032,-0.33420066355888506
842,38,Male,Rural,45,9,93808,35891,26463,14671,16783,2,1.996900335856428,0.05679215752899311
843,31,Male,Metro,260,7,91506,36992,21552,4701,9526,2,0.8530349227068242,0.13616657016782024
844,26,Female,Metro,154,10,92280,31376,29135,13349,13582,2,1.8333868920270695,0.7046964889313885
845,63,Male,Rural,155,8,38739,10977,14691,1013,10815,3,-1.4710617069445548,-0.19257384570158964
846,18,Female,Urban,363,10,63726,26694,6993,16279,13760,4,-0.04049227628879504,1.1698020493505117
847,68,Male,Urban,234,10,44505,33978,973,3299,6255,0,-1.7029660638740887,0.8858443733564574
848,62,Female,Metro,51,3,49007,9218,21661,1506,16622,3,-0.8845062544856769,-2.1904692856436276
849,30,Female,Rural,306,4,38063,21788,8257,4803,3215,4,-1.5004695966760053,-1.2309610998835196
850,21,Female,Urban,262,7,69040,20501,6092,17361,7541,4,0.36722625381375873,-0.1577599513598841
851,18,Male,Metro,315,7,57795,12453,2906,18201,3647,4,-0.2195668909963402,-0.08701269636871178
852,66,Male,Rural,125,8,63335,38197,570,14760,9808,3,-0.5272260675100552,-0.042998198470343314
853,57,Female,Urban,245,4,95279,15210,12084,10826,18813,1,-0.01617299384458829,-0.6867567531634031
854,49,Female,Urban,30,9,95430,8689,307,13821,3652,2,1.7700282105506553,0.1036700373286893
855,51,Male,Rural,122,13,97531,27381,27984,13007,14028,0,1.5846201485608333,1.8471528614217196
856,45,Male,Rural,125,8,62839,29508,3742,15786,13803,3,0.15189987533942248,-0.21798406760920486
857,48,Male,Rural,37,9,45563,21142,8974,9140,6307,3,-0.025418807195459546,-0.3671127334877065
858,25,Female,Rural,170,10,63768,8916,28792,6798,19262,2,0.7571031765856309,0.4785726000608499
859,56,Male,Metro,124,5,89636,375,765,16857,1535,1,0.532983695477431,-0.8819772459683072
860,43,Male,Rural,357,6,74999,31449,28051,567,14932,1,-0.7289812934392809,0.1098648064689305
861,51,Female,Urban,35,5,89517,23797,8964,11624,15749,2,1.1688846605876024,-1.2687419165907352
862,20,Male,Urban,87,10,66282,20782,24198,12215,8727,2,1.455616427672203,0.14093552975323642
863,67,Male,Metro,134,7,99244,27028,28433,7966,17332,1,0.6076327182436954,0.01523979921357615
864,29,Male,Urban,196,9,61360,20243,7735,18642,10834,4,0.32538087648640385,0.25065607587801386
865,18,Female,Urban,274,11,62914,29379,16202,8120,9213,4,0.47850495194404224,1.1542134526379026
866,61,Female,Rural,201,7,83927,37780,14431,16279,15437,1,-0.1004715726926096,0.07597160769203401
867,22,Female,Urban,285,8,54856,30740,11377,11336,1403,4,-0.22410913515061998,0.1376778219233267
868,47,Female,Metro,77,9,57463,19984,13274,4310,19895,3,0.2221037104302595,-0.10322656027727958
869,47,Female,Rural,59,9,85874,50,14297,13187,19319,2,1.3386040649326523,0.10604969782901767
870,34,Female,Rural,126,5,51300,6590,8036,14089,7506,3,-0.12465785676183394,-1.428996543710822
871,65,Female,Metro,109,10,32331,15162,7596,1982,7591,3,-1.3746573607078818,0.2572814587143501
872,64,Male,Rural,224,8,92071,13105,16923,1096,12996,1,0.04388966970281631,0.6069299917350641
873,40,Male,Rural,278,11,80510,37499,24369,13582,5060,0,0.3591478381860457,1.5207764292633137
874,32,Female,Metro,68,8,78361,36641,2049,19954,19717,2,1.444651016970636,-0.3918403384097834
875,54,Male,Rural,69,5,52854,11628,19667,6497,15062,3,-0.4288655692331828,-1.4727332960441286
876,38,Male,Metro,165,9,58338,38516,4675,13545,1602,0,0.08331739849662996,0.17367732620089213
877,31,Female,Metro,305,9,48338,21621,1663,11582,13472,4,-0.7895812197698422,0.5615886890931848
878,19,Male,Urban,162,9,50079,1476,6476,15378,2196,4,0.43318879751961387,-0.0729924950636092
879,28,Male,Urban,342,5,83366,35788,25623,10864,11091,4,0.07539521077526154,-0.32510079027869776
880,68,Male,Rural,309,10,70308,24437,12028,18803,15040,1,-1.1757017872077031,1.430105513884282
881,56,Male,Rural,343,10,76697,26240,19823,4279,16494,1,-0.7291102343696843,1.5274873515534966
882,55,Male,Metro,42,9,90117,10922,15077,17057,16016,2,1.316104527097004,0.14661577866100306
883,51,Female,Rural,354,8,98813,8066,25081,19186,6023,1,0.024813222231525194,1.0719131385187934
884,55,Female,Metro,109,8,87936,12089,7143,7312,3867,2,0.8068190560605201,0.04750153680140819
885,67,Female,Metro,51,10,77955,32600,19631,15440,9569,3,0.5069374127777688,0.4967379203451772
886,51,Male,Rural,250,10,41565,8167,19884,2369,7641,0,-1.3296412981178967,0.7812937758219934
887,35,Female,Metro,341,3,35922,12816,1910,16192,5004,4,-2.0037449655255424,-1.4132573343584496
888,47,Male,Urban,21,14,67470,21164,732,17450,9963,0,1.2496203956767091,1.4653307103030533
889,32,Male,Rural,300,11,87916,20429,19897,5432,13796,0,0.7734632497160278,1.6140211792311268
890,44,Male,Urban,139,8,80552,35001,26147,687,8204,2,0.7467795741133582,0.002187418062726555
891,68,Male,Rural,359,8,56276,31415,4609,13175,7077,1,-2.0940466751028577,0.8111871042404107
892,51,Female,Metro,324,8,31845,8117,11134,68,12526,4,-2.2209734910560717,0.2977891178285792
893,69,Female,Rural,92,9,91488,6359,4456,10295,3261,1,0.6342998457148131,0.46736399645150656
894,55,Male,Urban,280,12,65081,14364,26897,6774,17046,0,-0.6296411110402975,1.8359679697617348
895,50,Female,Metro,125,13,82257,36965,14512,16803,13397,0,1.0531458391778603,1.7006539495911521
896,41,Male,Rural,111,11,47709,28794,3335,12190,3390,0,0.03753413887035057,0.5591524941507096
897,32,Female,Rural,354,7,56029,10293,15545,10789,19402,4,-0.9554461591340869,0.16027010636668026
898,47,Female,Rural,139,7,49708,9332,12814,6891,15299,3,-0.5346992019932741,-0.6139591080769715
899,59,Male,Urban,273,5,44614,615,24552,10316,1902,1,-1.977818599216031,-0.7221698279294751
900,68,Female,Urban,99,6,36608,12401,7056,439,16712,3,-1.5630133221622022,-1.065099068533268
901,34,Male,Rural,252,3,85545,29372,28950,17592,9631,1,0.28624986991721246,-1.279022976401694
902,22,Female,Metro,338,9,39601,2339,2753,18947,15562,4,-0.9805845885576193,0.5308182258704379
903,46,Male,Metro,104,13,38624,16246,1372,7466,13540,0,-0.26960037903142114,1.1582349448184917
904,21,Male,Urban,214,7,70393,8109,14234,17637,3846,4,0.6715972386844329,-0.33058724997478156
905,27,Female,Metro,249,7,48962,23758,9636,3209,12359,4,-0.48387699099160036,-0.35678117351358546
906,34,Female,Urban,152,11,76400,23091,3376,3549,16608,0,1.08202547926331,0.9432436389777837
907,27,Male,Rural,250,6,65512,13317,8481,16998,2520,4,0.03137859740122668,-0.5278193393438251
908,34,Female,Urban,275,9,99026,16762,10257,3078,8064,2,1.0915379929713274,0.9674559410821273
909,37,Female,Urban,165,13,76656,3465,16447,3490,18791,0,1.070246269561045,1.6954266656362929
910,41,Male,Rural,341,11,86759,25622,20329,3543,6683,0,0.214742530823846,1.8345375417691938
911,22,Male,Metro,8,11,98686,6800,16713,18284,17194,2,3.0481468045164677,0.5065905845567585
912,51,Female,Urban,284,8,50265,35539,4858,6751,3117,4,-1.3461453455538641,0.32362389524653135
913,23,Male,Urban,5,12,85508,36651,18347,14906,15604,2,2.631490299257213,0.7110963721230956
914,19,Male,Rural,145,12,69089,2600,19472,18096,19674,0,1.4284433621158956,1.0602583645736208
915,30,Male,Metro,101,15,59587,5518,27066,14425,12578,0,1.1782865007631902,1.8978631762954357
916,60,Female,Urban,164,4,60789,19627,16524,18713,2251,3,-0.9230862509464247,-1.3153096108935958
917,60,Female,Rural,147,6,70925,29369,13619,11811,13513,1,-0.32053509895169746,-0.6067044603198134
918,65,Male,Urban,64,5,58223,31445,4539,17578,4661,3,-0.5744220264741691,-1.350275651188516
919,28,Female,Rural,91,8,88486,16689,18857,6781,14103,2,1.818559425714893,-0.23560782277248907
920,68,Male,Metro,117,10,77625,15923,5594,17762,6421,0,0.11021405504784396,0.7575083961939474
921,64,Female,Metro,354,7,77371,38469,3903,15563,19436,1,-1.2508022793283955,0.6291254117240552
922,40,Male,Metro,267,7,55489,30403,5364,14797,4925,4,-0.776766613913242,-0.11756642100458765
923,33,Male,Metro,310,3,39090,958,449,17133,12202,4,-1.6583840806761145,-1.518541369317818
924,48,Female,Urban,173,10,32885,3538,26401,300,2646,3,-1.1315883920323353,0.3731683624722541
925,28,Male,Urban,47,9,95978,23404,20830,4695,19290,2,2.396072431641544,0.004855516992037203
926,33,Female,Metro,140,8,61365,9983,21078,12174,18130,2,0.417276275078931,-0.2715088604455997
927,25,Female,Metro,246,9,60708,35371,4806,16222,4309,4,0.1682855085091776,0.4057212743268371
928,21,Male,Metro,149,7,59004,24642,869,16661,16832,4,0.6088313633521211,-0.694490818151337
929,57,Male,Urban,246,7,79303,13467,6079,10750,19396,1,-0.3736076345283844,0.17263417132928605
930,21,Female,Metro,5,10,66994,205,29856,7307,17952,2,1.8849425842104122,-0.1619204865280884
931,42,Male,Metro,184,6,73136,27409,7307,18545,19875,2,0.1591144274938845,-0.5873331248497479
932,20,Male,Metro,20,6,67067,12442,28140,13818,12667,2,1.545107979932128,-1.46106182510494
933,49,Male,Rural,46,8,78982,26290,3659,1389,7310,2,1.0199935544614946,-0.33333304087226245
934,20,Male,Metro,12,11,53559,26108,3602,8882,14967,2,1.4721445835877436,0.06263400636838033
935,44,Male,Rural,70,8,43967,5691,8584,19852,9239,3,-0.1997695166804505,-0.624716468533255
936,46,Female,Rural,17,11,81454,38909,25417,10040,7088,2,1.584671187788486,0.5666401512412016
937,49,Female,Metro,147,8,57299,19504,18832,6141,12822,3,-0.2970876357174407,-0.15469494257244054
938,67,Male,Rural,154,10,75105,30162,14385,13110,17448,0,-0.14427688684169332,0.868120166650674
939,68,Male,Metro,304,6,60269,39496,10983,5969,3821,1,-1.8053999809726236,-0.037810294586633875
940,36,Male,Urban,108,8,83386,38798,29990,13162,1436,2,1.2792691054662921,-0.15498132756409452
941,38,Female,Urban,236,7,67555,21551,23976,9131,12897,4,-0.11176947138779302,-0.135448850140946
942,22,Male,Urban,308,7,56624,13383,19337,5037,18867,4,-0.3570834518740473,-0.09325444211870602
943,35,Female,Urban,352,3,55918,16496,5131,14693,7719,4,-1.344057019794931,-1.1741924955485472
944,45,Female,Rural,70,11,15691,9088,1358,2451,2794,3,-1.0269072156788381,0.11807953856164297
945,59,Female,Metro,183,7,64562,27444,25566,24,11528,1,-0.6338174882710136,-0.20023858728380356
946,39,Male,Metro,250,6,87900,24734,25614,5962,10082,1,0.4373527627807264,-0.21070277500197668
947,38,Female,Metro,228,11,74748,34571,24603,2556,13018,0,0.4849645199324322,1.2541050362850574
948,23,Male,Urban,102,2,77111,26415,16771,16444,17481,2,1.073693360550076,-2.370070534043996
949,18,Female,Urban,75,7,96146,15389,13603,7675,18022,2,2.4369284958154274,-0.6408921517352201
950,22,Male,Metro,216,9,76080,27744,16246,16506,15584,2,0.9799009148405492,0.41608918596743905
951,58,Female,Urban,203,8,70535,18682,17216,5616,9850,1,-0.4187068382999348,0.2653599355066105
952,29,Male,Metro,192,12,87570,34310,8441,10294,8455,0,1.510005157791417,1.5050365122863183
953,43,Female,Metro,249,6,46232,7259,10219,17570,11184,4,-1.186878528704846,-0.5914661965830796
954,63,Male,Metro,242,13,49483,12546,9720,14010,13207,0,-1.1790463201939942,1.9376971265542158
955,51,Male,Metro,179,11,83168,2154,20577,13394,160,0,0.6170854684156366,1.2521252723202956
956,66,Male,Metro,219,12,45328,8766,18222,9922,8418,0,-1.3792403536416047,1.4945251017831676
957,31,Male,Metro,82,4,31952,11230,9552,4089,7081,3,-0.5595935114467425,-2.151433793766814
958,43,Female,Metro,92,14,74511,17765,29734,14448,4412,0,1.2569763897866157,1.7773875823570398
959,62,Female,Urban,175,4,54009,5902,11301,2472,10114,3,-1.291628263755239,-1.3230537244091845
960,44,Male,Metro,239,12,87850,1222,9515,10469,19541,0,0.7718070226018096,1.8115365887163843
961,26,Female,Metro,260,5,80024,27050,26802,7450,18722,4,0.45865587110167055,-0.6920796565930117
962,43,Male,Urban,163,6,83474,34269,28256,2964,17985,2,0.6091895313969754,-0.5591126131933866
963,64,Male,Urban,48,12,27761,9050,891,8104,5888,3,-1.0327370098025308,0.6427270916583352
964,39,Female,Urban,329,9,65435,3574,21972,17694,3718,4,-0.568804688873856,0.8873898187326273
965,64,Male,Metro,328,10,67012,36497,17689,2212,10614,1,-1.262591998045515,1.4389989730223507
966,47,Male,Rural,116,9,54005,11157,15085,9454,18309,3,-0.10992709728190705,0.014027146579774507
967,60,Female,Rural,337,8,73502,19575,21667,6792,19299,1,-1.0925205285882167,0.8302823898800109
968,65,Male,Urban,337,11,73123,17945,20932,9554,8443,0,-1.0502860979747095,1.879502455987487
969,34,Male,Rural,225,7,47742,14962,4192,8703,19885,4,-0.632132523180886,-0.4051187896008589
970,43,Male,Urban,352,10,79840,35290,16128,13219,15203,0,-0.23272196507426757,1.4879482391793681
971,53,Male,Metro,328,7,89763,35159,22836,15399,16369,1,-0.30204697671702024,0.5609264351569825
972,18,Female,Rural,147,16,97666,24852,24837,18229,7274,0,2.7732416778739486,2.6905327726343313
973,25,Female,Metro,63,7,83597,30684,18724,7660,15759,2,1.8177676528936682,-0.7539808212536476
974,66,Female,Rural,294,12,88829,11796,18177,1702,17986,0,-0.21622394297317088,2.2126268379342373
975,52,Male,Metro,323,5,84993,24450,26872,16774,16897,1,-0.5614244311142704,-0.1883749959745973
976,69,Male,Rural,325,7,93856,34846,26868,17038,15104,1,-0.6700361438125327,0.7191086121289518
977,32,Female,Metro,13,11,60810,17504,22778,4271,8633,2,1.3290350159093547,0.234943129251695
978,64,Male,Metro,189,8,65482,30041,10362,8955,8192,1,-0.7247496430188275,0.2100460222139851
979,39,Male,Rural,287,11,70192,10715,16708,19784,6501,0,-0.02626677832219006,1.4462230465323271
980,31,Male,Metro,208,6,88154,21803,9177,11459,17286,2,0.9357764054591948,-0.4358657405340536
981,43,Male,Metro,114,9,87066,3370,24232,6674,5719,2,1.2211068243569536,0.2986150117377187
982,45,Female,Metro,22,7,88408,1908,24498,17469,9412,2,1.5453026806264403,-0.7036862269828289
983,40,Female,Rural,349,5,65128,37075,6644,5446,15963,4,-1.015307829340423,-0.37989557516718225
984,31,Female,Rural,214,8,46584,21134,4782,1963,18705,4,-0.44162433043785143,-0.14596738767351994
985,41,Male,Metro,171,4,42847,3587,28428,9977,855,3,-0.9743351178425795,-1.6183173526723118
986,19,Female,Metro,323,4,67821,30023,26315,10466,1017,4,-0.15701400123545747,-0.9618505129248652
987,62,Female,Rural,54,4,40909,2413,10052,5177,5279,3,-1.11746092664462,-1.9209006247138631
988,43,Male,Rural,298,12,66131,25038,19521,11160,10412,0,-0.2895824409644434,1.8188677816490864
989,31,Male,Metro,320,6,50029,22555,3898,4572,7712,4,-1.030552100530921,-0.37607915687216514
990,68,Female,Metro,126,9,51531,10952,17219,7543,15817,3,-0.949027183575908,0.19861429276453255
991,24,Female,Metro,277,8,37734,3457,4154,8907,6624,4,-0.8629175803093334,-0.045323178429096125
992,20,Female,Urban,204,4,44447,8464,2778,16626,16579,4,-0.39575673692244384,-1.6447593869172838
993,64,Female,Rural,194,10,75354,1150,13809,6510,15131,0,-0.24890904471975725,1.0013617625214075
994,40,Male,Urban,169,13,80151,32264,25972,17221,4694,0,1.074917209100612,1.769568449735862
995,63,Female,Rural,152,7,67786,32786,6409,3323,14047,1,-0.48557163783630053,-0.25636859784440874
996,60,Female,Rural,35,6,60048,9808,26252,19337,4651,3,-0.11446911247612364,-1.1478187005943274
997,64,Male,Rural,184,11,73131,38345,12523,9537,12726,0,-0.2015499014325682,1.2782315048207875
998,62,Female,Rural,286,6,83673,4081,4313,10615,19081,1,-0.6696356947475796,0.07368018474579058
999,35,Male,Rural,57,8,98639,39222,22030,1432,11299,2,2.132132776602813,-0.2110073032589121
1000,55,Male,Rural,222,6,60442,8933,26413,7655,17441,1,-0.9308069997583902,-0.45936993455997044
